0,-6.6399
7.4158,-5.6586
9.8877,-2.0803
12.36,-2.3657
14.832,-6.4893
17.303,-7.5666
19.775,-9.5108
22.247,-13.877
24.719,-12.963
27.191,-9.055
29.663,-5.2869
32.135,-5.4653
34.607,-7.9428
37.079,-10.992
39.551,-12.867
42.023,-17.218
44.495,-18.342
46.967,-12.06
49.438,-8.1836
51.91,-8.407
54.382,-10.887
56.854,-13.898
59.326,-15.654
61.798,-19.809
64.27,-20.973
66.742,-14.594
69.214,-10.599
71.686,-10.573
74.158,-13.156
76.63,-15.804
79.102,-17.52
81.573,-21.785
84.045,-23.182
86.517,-21.015
88.989,-12.817
91.461,-12.499
93.933,-14.98
96.405,-16.81
98.877,-19.521
101.35,-24.01
103.82,-25.718
106.29,-23.743
108.76,-15.118
111.24,-14.396
113.71,-16.866
116.18,-18.724
118.65,-21.717
121.12,-26.571
123.6,-28.673
126.07,-26.595
128.54,-17.133
131.01,-16.144
133.48,-18.601
135.96,-20.581
138.43,-21.737
140.9,-28.235
143.37,-30.596
145.84,-28.63
148.32,-24.07
150.79,-17.542
153.26,-20.05
155.73,-22.051
158.2,-23.297
160.68,-29.942
163.15,-32.666
165.62,-30.742
168.09,-26.248
170.56,-19.588
173.03,-22.56
175.51,-24.871
177.98,-26.228
180.45,-27.584
182.92,-34.639
185.39,-32.339
187.87,-27.624
190.34,-21.903
192.81,-22.388
195.28,-24.329
197.75,-25.608
200.23,-27.154
202.7,-35.37
205.17,-33.753
207.64,-29.297
210.11,-23.685
212.59,-24.317
215.06,-26.41
217.53,-27.668
220,-29.073
222.47,-37.318
224.95,-35.639
227.42,-31.239
229.89,-25.669
232.36,-23.83
234.83,-28.621
237.3,-29.941
239.78,-31.363
242.25,-36.715
244.72,-39.508
247.19,-34.475
249.66,-27.657
252.14,-24.958
254.61,-29.497
257.08,-30.534
259.55,-31.504
262.02,-36.616
264.5,-39.325
266.97,-34.909
269.44,-28.408
271.91,-25.45
274.38,-30.166
276.86,-31.519
279.33,-32.651
281.8,-38.004
284.27,-42.148
286.74,-35.992
289.22,-29.605
291.69,-26.747
294.16,-29.226
296.63,-32.701
299.1,-33.774
301.57,-38.998
304.05,-43.125
306.52,-37.328
308.99,-30.958
311.46,-27.873
313.93,-30.267
316.41,-33.654
318.88,-34.745
321.35,-39.82
323.82,-43.989
326.29,-38.408
328.77,-32.104
331.24,-28.954
333.71,-31.255
336.18,-33.479
338.65,-35.646
341.13,-40.514
343.6,-44.72
346.07,-43.551
348.54,-32.795
351.01,-29.627
353.49,-31.934
355.96,-34.161
358.43,-36.512
360.9,-40.967
363.37,-45.133
365.84,-43.985
368.32,-33.371
370.79,-30.089
373.26,-32.309
375.73,-34.585
378.2,-35.827
380.68,-41.21
383.15,-45.502
385.62,-44.551
388.09,-40.154
390.56,-30.528
393.04,-32.631
395.51,-34.954
397.98,-36.267
400.45,-41.462
402.92,-45.901
405.4,-45.112
407.87,-40.942
410.34,-31.068
412.81,-33.068
415.28,-35.473
417.76,-36.849
420.23,-41.929
422.7,-46.52
425.17,-45.79
427.64,-41.519
430.11,-35.259
432.59,-33.66
435.06,-35.952
437.53,-37.272
440,-38.039
442.47,-46.851
444.95,-46.141
447.42,-41.89
449.89,-35.573
452.36,-33.369
454.83,-35.816
457.31,-37.343
459.78,-38.235
462.25,-47.128
464.72,-46.667
467.19,-42.598
469.67,-36.268
472.14,-33.929
474.61,-36.256
477.08,-37.676
479.55,-38.467
482.03,-42.426
484.5,-47.156
486.97,-43.08
489.44,-36.749
491.91,-32.259
494.38,-36.518
496.86,-37.851
499.33,-38.448
501.8,-42.255
504.27,-47.246
506.74,-43.329
509.22,-37.001
511.69,-32.461
514.16,-36.528
516.63,-38.075
519.1,-38.893
521.58,-42.707
524.05,-47.802
526.52,-44.109
528.99,-37.918
531.46,-33.363
533.94,-34.697
536.41,-38.697
538.88,-39.408
541.35,-42.983
543.82,-48.129
546.3,-44.477
548.77,-38.308
551.24,-33.537
553.71,-34.825
556.18,-38.631
558.65,-39.366
561.13,-42.819
563.6,-48.104
566.07,-44.722
568.54,-38.536
571.01,-33.769
573.49,-34.85
575.96,-37.242
578.43,-39.51
580.9,-42.839
583.37,-48.155
585.85,-48.577
588.32,-38.804
590.79,-33.792
593.26,-34.727
595.73,-37.167
598.21,-39.533
600.68,-42.796
603.15,-48.162
605.62,-48.625
608.09,-38.789
610.57,-33.593
613.04,-34.46
615.51,-37.004
617.98,-39.338
620.45,-42.523
622.92,-48.048
625.4,-48.718
627.87,-45.1
630.34,-33.58
632.81,-34.459
635.28,-36.937
637.76,-38.401
640.23,-42.137
642.7,-47.735
645.17,-48.517
647.64,-45.051
650.12,-33.512
652.59,-34.086
655.06,-36.53
657.53,-38.097
660,-41.739
662.48,-47.528
664.95,-48.578
667.42,-45.126
669.89,-38.941
672.36,-34.113
674.84,-36.826
677.31,-38.587
679.78,-39.47
682.25,-48.243
684.72,-49.034
687.19,-45.323
689.67,-39.158
692.14,-33.973
694.61,-36.753
697.08,-38.599
699.55,-39.459
702.03,-48.216
704.5,-49.313
706.97,-45.724
709.44,-39.341
711.91,-33.87
714.39,-36.572
716.86,-38.264
719.33,-39.04
721.8,-41.734
724.27,-48.834
726.75,-45.419
729.22,-39.19
731.69,-33.427
734.16,-36.568
736.63,-38.229
739.11,-39.146
741.58,-41.856
744.05,-49.293
746.52,-45.759
748.99,-39.408
751.46,-33.391
753.94,-36.538
756.41,-38.4
758.88,-39.386
761.35,-41.985
763.82,-49.768
766.3,-46.263
768.77,-39.723
771.24,-33.286
773.71,-33.061
776.18,-38.284
778.66,-39.492
781.13,-42.233
783.6,-48.94
786.07,-47.535
788.54,-41.092
791.02,-34.706
793.49,-34.601
795.96,-39.839
798.43,-41.033
800.9,-43.643
803.38,-49.946
805.85,-48.356
808.32,-41.786
810.79,-35.162
813.26,-34.8
815.73,-40.058
818.21,-41.028
820.68,-43.432
823.15,-49.93
825.62,-51.979
828.09,-42.237
830.57,-35.569
833.04,-35.006
835.51,-38.127
837.98,-41.283
840.45,-43.494
842.93,-49.903
845.4,-52.22
847.87,-42.626
850.34,-35.802
852.81,-34.914
855.29,-37.938
857.76,-41.139
860.23,-42.966
862.7,-49.24
865.17,-51.718
867.65,-48.897
870.12,-36.051
872.59,-35.061
875.06,-38.026
877.53,-40.052
880,-42.919
882.48,-49.047
884.95,-51.579
887.42,-48.778
889.89,-36.094
892.36,-34.794
894.84,-37.783
897.31,-39.821
899.78,-42.486
902.25,-48.624
904.72,-51.468
907.2,-48.925
909.67,-35.954
912.14,-34.312
914.61,-37.288
917.08,-39.436
919.56,-40.455
922.03,-48.463
924.5,-51.702
926.97,-49.329
929.44,-43.471
931.92,-34.708
934.39,-37.775
936.86,-39.808
939.33,-40.896
941.8,-48.752
944.27,-52.217
946.75,-49.741
949.22,-43.848
951.69,-34.535
954.16,-37.427
956.63,-39.373
959.11,-40.348
961.58,-48.124
964.05,-51.839
966.52,-49.478
968.99,-42.932
971.47,-35.144
973.94,-36.273
976.41,-38.603
978.88,-39.904
981.35,-41.623
983.83,-52.298
986.3,-50.018
988.77,-43.91
991.24,-36.364
993.71,-37.064
996.19,-39.228
998.66,-40.642
1001.1,-42.255
1003.6,-52.585
1006.1,-50.314
1008.5,-44.36
1011,-36.775
1013.5,-34.182
1016,-39.381
1018.4,-40.597
1020.9,-42.108
1023.4,-48.476
1025.8,-50.632
1028.3,-44.654
1030.8,-37.018
1033.3,-33.993
1035.7,-39.89
1038.2,-41.591
1040.7,-43.125
1043.2,-49.477
1045.6,-51.494
1048.1,-45.396
1050.6,-37.665
1053,-34.626
1055.5,-40.224
1058,-41.6
1060.5,-43.12
1062.9,-49.446
1065.4,-53.8
1067.9,-45.832
1070.3,-38.014
1072.8,-34.814
1075.3,-38.121
1077.8,-42.653
1080.2,-44.181
1082.7,-50.346
1085.2,-54.844
1087.6,-46.441
1090.1,-38.477
1092.6,-35.171
1095.1,-38.308
1097.5,-42.328
1100,-43.551
1102.5,-49.59
1104.9,-54.177
1107.4,-46.13
1109.9,-38.142
1112.4,-34.65
1114.8,-37.79
1117.3,-40.549
1119.8,-43.205
1122.3,-49.159
1124.7,-53.998
1127.2,-52.082
1129.7,-38.213
1132.1,-34.435
1134.6,-37.427
1137.1,-40.21
1139.6,-42.796
1142,-48.614
1144.5,-53.514
1147,-51.856
1149.4,-38.069
1151.9,-34.259
1154.4,-37.309
1156.9,-40.109
1159.3,-41.648
1161.8,-48.367
1164.3,-53.208
1166.7,-51.699
1169.2,-46.072
1171.7,-34.395
1174.2,-37.124
1176.6,-39.624
1179.1,-41.045
1181.6,-47.277
1184.1,-52.15
1186.5,-50.822
1189,-45.627
1191.5,-34.534
1193.9,-37.364
1196.4,-40.081
1198.9,-41.541
1201.4,-47.628
1203.8,-52.702
1206.3,-51.83
1208.8,-46.84
1211.2,-39.58
1213.7,-38.164
1216.2,-40.764
1218.7,-42.267
1221.1,-43.172
1223.6,-53.654
1226.1,-52.702
1228.5,-47.41
1231,-39.555
1233.5,-37.266
1236,-39.957
1238.4,-41.609
1240.9,-42.695
1243.4,-54.098
1245.8,-53.513
1248.3,-48.149
1250.8,-40.125
1253.3,-37.826
1255.7,-40.836
1258.2,-42.531
1260.7,-43.413
1263.2,-48.583
1265.6,-54.78
1268.1,-49.464
1270.6,-40.934
1273,-35.758
1275.5,-41.17
1278,-42.753
1280.5,-43.455
1282.9,-48.249
1285.4,-54.023
1287.9,-48.735
1290.3,-40.453
1292.8,-34.763
1295.3,-39.578
1297.8,-41.178
1300.2,-41.953
1302.7,-46.895
1305.2,-53.935
1307.6,-49.102
1310.1,-40.396
1312.6,-33.959
1315.1,-35.814
1317.5,-40.705
1320,-41.535
1322.5,-46.592
1325,-53.865
1327.4,-49.471
1329.9,-40.56
1332.4,-33.919
1334.8,-35.665
1337.3,-40.745
1339.8,-41.571
1342.3,-46.5
1344.7,-54.048
1347.2,-49.951
1349.7,-41.168
1352.1,-34.295
1354.6,-35.853
1357.1,-39.07
1359.6,-42.008
1362,-46.929
1364.5,-54.352
1367,-55.14
1369.4,-41.481
1371.9,-34.365
1374.4,-35.83
1376.9,-38.997
1379.3,-41.756
1381.8,-46.329
1384.3,-54.066
1386.7,-55.212
1389.2,-41.761
1391.7,-34.502
1394.2,-35.677
1396.6,-38.973
1399.1,-41.632
1401.6,-45.977
1404.1,-53.873
1406.5,-55.215
1409,-50.593
1411.5,-34.509
1413.9,-35.602
1416.4,-38.877
1418.9,-40.766
1421.4,-45.823
1423.8,-53.768
1426.3,-55.281
1428.8,-50.779
1431.2,-34.633
1433.7,-35.497
1436.2,-38.806
1438.7,-40.775
1441.1,-45.481
1443.6,-53.549
1446.1,-55.282
1448.5,-50.921
1451,-34.603
1453.5,-35.205
1456,-38.577
1458.4,-40.687
1460.9,-41.423
1463.4,-53.447
1465.9,-55.354
1468.3,-51.054
1470.8,-42.584
1473.3,-35.119
1475.7,-38.547
1478.2,-40.559
1480.7,-41.463
1483.2,-53.184
1485.6,-55.265
1488.1,-51.197
1490.6,-42.815
1493,-34.985
1495.5,-38.415
1498,-40.557
1500.5,-41.303
1502.9,-44.977
1505.4,-55.389
1507.9,-51.3
1510.3,-42.963
1512.8,-34.891
1515.3,-38.361
1517.8,-40.428
1520.2,-41.537
1522.7,-44.846
1525.2,-55.422
1527.6,-51.531
1530.1,-43.308
1532.6,-34.992
1535.1,-38.39
1537.5,-40.472
1540,-41.252
1542.5,-44.602
1545,-55.466
1547.4,-51.664
1549.9,-43.497
1552.4,-35.141
1554.8,-34.756
1557.3,-40.443
1559.8,-41.348
1562.3,-44.521
1564.7,-52.611
1567.2,-51.954
1569.7,-43.795
1572.1,-35.342
1574.6,-34.728
1577.1,-40.32
1579.6,-41.393
1582,-44.307
1584.5,-52.362
1587,-51.943
1589.4,-44.004
1591.9,-35.467
1594.4,-34.695
1596.9,-40.375
1599.3,-41.397
1601.8,-44.16
1604.3,-52.192
1606.8,-55.466
1609.2,-44.257
1611.7,-35.619
1614.2,-34.515
1616.6,-38.002
1619.1,-41.355
1621.6,-43.969
1624.1,-52.037
1626.5,-55.484
1629,-44.515
1631.5,-35.797
1633.9,-34.46
1636.4,-38.016
1638.9,-41.378
1641.4,-43.825
1643.8,-51.838
1646.3,-55.513
1648.8,-52.451
1651.2,-36.008
1653.7,-34.466
1656.2,-38.031
1658.7,-40.32
1661.1,-43.742
1663.6,-51.686
1666.1,-55.576
1668.5,-52.591
1671,-36.28
1673.5,-34.453
1676,-37.893
1678.4,-40.292
1680.9,-43.658
1683.4,-51.599
1685.9,-55.558
1688.3,-52.722
1690.8,-36.405
1693.3,-34.334
1695.7,-37.878
1698.2,-40.255
1700.7,-41.383
1703.2,-51.297
1705.6,-55.483
1708.1,-52.772
1710.6,-45.413
1713,-34.263
1715.5,-37.721
1718,-40.13
1720.5,-41.351
1722.9,-51.174
1725.4,-55.585
1727.9,-53.05
1730.3,-45.695
1732.8,-34.223
1735.3,-37.685
1737.8,-40.18
1740.2,-41.318
1742.7,-50.947
1745.2,-55.567
1747.7,-53.157
1750.1,-45.974
1752.6,-36.951
1755.1,-37.637
1757.5,-40.083
1760,-41.331
1762.5,-43.162
1765,-55.533
1767.4,-53.335
1769.9,-46.28
1772.4,-37.214
1774.8,-37.616
1777.3,-40.122
1779.8,-41.299
1782.3,-43.002
1784.7,-55.548
1787.2,-53.697
1789.7,-46.672
1792.1,-37.429
1794.6,-34.176
1797.1,-40.036
1799.6,-41.345
1802,-42.949
1804.5,-50.346
1807,-53.442
1809.4,-46.671
1811.9,-37.597
1814.4,-34.106
1816.9,-39.94
1819.3,-41.368
1821.8,-42.907
1824.3,-50.172
1826.8,-53.699
1829.2,-46.98
1831.7,-37.839
1834.2,-34.134
1836.6,-40.094
1839.1,-41.394
1841.6,-42.826
1844.1,-49.954
1846.5,-55.465
1849,-47.239
1851.5,-38.156
1853.9,-34.141
1856.4,-37.306
1858.9,-41.368
1861.4,-42.718
1863.8,-49.759
1866.3,-55.294
1868.8,-47.358
1871.2,-38.196
1873.7,-34.094
1876.2,-37.201
1878.7,-41.268
1881.1,-42.569
1883.6,-49.546
1886.1,-55.357
1888.5,-47.512
1891,-38.39
1893.5,-34.11
1896,-37.188
1898.4,-39.901
1900.9,-42.391
1903.4,-49.115
1905.9,-55.149
1908.3,-53.986
1910.8,-38.523
1913.3,-34.005
1915.7,-37.075
1918.2,-39.764
1920.7,-42.311
1923.2,-48.978
1925.6,-55.066
1928.1,-53.992
1930.6,-38.656
1933,-33.935
1935.5,-36.817
1938,-39.57
1940.5,-42.276
1942.9,-48.726
1945.4,-54.97
1947.9,-54.083
1950.3,-47.962
1952.8,-33.89
1955.3,-36.71
1957.8,-39.561
1960.2,-41.002
1962.7,-48.342
1965.2,-54.796
1967.7,-54.107
1970.1,-48.096
1972.6,-33.864
1975.1,-36.63
1977.5,-39.546
1980,-41.061
1982.5,-48.227
1985,-54.768
1987.4,-54.197
1989.9,-48.374
1992.4,-39.394
1994.8,-36.729
1997.3,-39.535
1999.8,-41.142
2002.3,-42.082
2004.7,-54.759
2007.2,-54.325
2009.7,-48.585
2012.1,-39.619
2014.6,-36.683
2017.1,-39.551
2019.6,-41.15
2022,-42.103
2024.5,-54.605
2027,-54.383
2029.4,-48.724
2031.9,-39.798
2034.4,-36.499
2036.9,-39.46
2039.3,-41.082
2041.8,-42.054
2044.3,-47.581
2046.8,-54.429
2049.2,-48.955
2051.7,-39.988
2054.2,-34.088
2056.6,-39.496
2059.1,-41.341
2061.6,-42.022
2064.1,-47.475
2066.5,-54.53
2069,-49.183
2071.5,-40.258
2073.9,-34.177
2076.4,-39.575
2078.9,-41.132
2081.4,-41.92
2083.8,-47.144
2086.3,-54.655
2088.8,-49.398
2091.2,-40.446
2093.7,-34.188
2096.2,-36.316
2098.7,-41.047
2101.1,-41.793
2103.6,-46.928
2106.1,-54.16
2108.6,-49.558
2111,-40.664
2113.5,-34.186
2116,-36.112
2118.4,-40.893
2120.9,-41.866
2123.4,-46.768
2125.9,-54.115
2128.3,-49.654
2130.8,-40.883
2133.3,-34.319
2135.7,-36.149
2138.2,-39.198
2140.7,-41.728
2143.2,-46.552
2145.6,-53.906
2148.1,-54.757
2150.6,-41.154
2153,-34.366
2155.5,-36.096
2158,-39.093
2160.5,-41.656
2162.9,-46.285
2165.4,-53.819
2167.9,-54.796
2170.3,-41.37
2172.8,-34.379
2175.3,-35.764
2177.8,-39.055
2180.2,-41.713
2182.7,-46.076
2185.2,-53.635
2187.7,-54.819
2190.1,-50.13
2192.6,-34.389
2195.1,-35.639
2197.5,-39.054
2200,-40.783
2202.5,-45.85
2205,-53.605
2207.4,-54.976
2209.9,-50.439
2212.4,-34.676
2214.8,-35.849
2217.3,-39.025
2219.8,-40.801
2222.3,-45.675
2224.7,-53.381
2227.2,-54.981
2229.7,-50.558
2232.1,-34.688
2234.6,-35.598
2237.1,-38.865
2239.6,-40.734
2242,-41.592
2244.5,-53.27
2247,-55.039
2249.5,-50.712
2251.9,-42.321
2254.4,-35.571
2256.9,-38.831
2259.3,-40.727
2261.8,-41.544
2264.3,-53.122
2266.8,-55.068
2269.2,-50.889
2271.7,-42.525
2274.2,-35.471
2276.6,-38.795
2279.1,-40.693
2281.6,-41.47
2284.1,-45.18
2286.5,-55.078
2289,-51.024
2291.5,-42.741
2293.9,-34.975
2296.4,-38.629
2298.9,-40.652
2301.4,-41.5
2303.8,-44.944
2306.3,-55.146
2308.8,-51.185
2311.2,-43.002
2313.7,-35.164
2316.2,-38.678
2318.7,-40.613
2321.1,-41.449
2323.6,-44.826
2326.1,-55.174
2328.6,-51.345
2331,-43.177
2333.5,-35.182
2336,-35.139
2338.4,-40.579
2340.9,-41.459
2343.4,-44.69
2345.9,-52.618
2348.3,-51.478
2350.8,-43.485
2353.3,-35.381
2355.7,-35.142
2358.2,-40.581
2360.7,-41.499
2363.2,-44.419
2365.6,-52.44
2368.1,-51.627
2370.6,-43.624
2373,-35.471
2375.5,-34.957
2378,-40.65
2380.5,-41.501
2382.9,-44.318
2385.4,-52.22
2387.9,-55.221
2390.4,-43.856
2392.8,-35.596
2395.3,-34.946
2397.8,-38.4
2400.2,-41.425
2402.7,-44.102
2405.2,-52.066
2407.7,-55.328
2410.1,-44.179
2412.6,-35.763
2415.1,-34.824
2417.5,-38.293
2420,-41.429
2422.5,-44.01
2425,-51.956
2427.4,-55.352
2429.9,-52.141
2432.4,-35.875
2434.8,-34.801
2437.3,-38.271
2439.8,-40.512
2442.3,-43.818
2444.7,-51.736
2447.2,-55.304
2449.7,-52.196
2452.1,-36.03
2454.6,-34.808
2457.1,-38.149
2459.6,-40.362
2462,-43.701
2464.5,-51.463
2467,-55.186
2469.5,-52.326
2471.9,-36.298
2474.4,-34.746
2476.9,-38.17
2479.3,-40.416
2481.8,-41.479
2484.3,-51.368
2486.8,-55.284
2489.2,-52.519
2491.7,-45.172
2494.2,-34.793
2496.6,-38.236
2499.1,-40.569
2501.6,-41.524
2504.1,-51.176
2506.5,-55.246
2509,-52.605
2511.5,-45.298
2513.9,-34.705
2516.4,-38.074
2518.9,-40.385
2521.4,-41.484
2523.8,-50.992
2526.3,-55.26
2528.8,-52.739
2531.3,-45.609
2533.7,-36.892
2536.2,-38.011
2538.7,-40.359
2541.1,-41.408
2543.6,-43.263
2546.1,-55.226
2548.6,-52.841
2551,-45.706
2553.5,-36.991
2556,-37.951
2558.4,-40.337
2560.9,-41.36
2563.4,-43.032
2565.9,-55.172
2568.3,-52.867
2570.8,-45.887
2573.3,-37.11
2575.7,-37.786
2578.2,-40.23
2580.7,-41.172
2583.2,-42.939
2585.6,-50.321
2588.1,-52.991
2590.6,-46.119
2593,-37.373
2595.5,-34.468
2598,-40.058
2600.5,-41.308
2602.9,-42.902
2605.4,-50.154
2607.9,-53.108
2610.4,-46.362
2612.8,-37.52
2615.3,-34.376
2617.8,-40.216
2620.2,-41.348
2622.7,-42.86
2625.2,-49.927
2627.7,-54.979
2630.1,-46.617
2632.6,-37.727
2635.1,-34.367
2637.5,-37.588
2640,-41.192
2642.5,-42.653
2645,-49.727
2647.4,-54.969
2649.9,-46.779
2652.4,-37.865
2654.8,-34.288
2657.3,-37.449
2659.8,-41.316
2662.3,-42.574
2664.7,-49.472
2667.2,-54.894
2669.7,-46.88
2672.1,-38.011
2674.6,-34.259
2677.1,-37.325
2679.6,-39.773
2682,-42.481
2684.5,-49.311
2687,-54.867
2689.5,-53.414
2691.9,-38.247
2694.4,-34.252
2696.9,-37.333
2699.3,-39.865
2701.8,-42.422
2704.3,-49.093
2706.8,-54.835
2709.2,-53.615
2711.7,-38.462
2714.2,-34.244
2716.6,-37.087
2719.1,-39.799
2721.6,-42.304
2724.1,-48.816
2726.5,-54.766
2729,-53.725
2731.5,-47.53
2733.9,-34.102
2736.4,-37.073
2738.9,-39.791
2741.4,-41.124
2743.8,-48.668
2746.3,-54.719
2748.8,-53.781
2751.3,-47.733
2753.7,-34.128
2756.2,-36.901
2758.7,-39.652
2761.1,-41.199
2763.6,-48.431
2766.1,-54.592
2768.6,-53.786
2771,-47.937
2773.5,-38.997
2776,-37.006
2778.4,-39.682
2780.9,-41.133
2783.4,-42.174
2785.9,-54.623
2788.3,-54.014
2790.8,-48.114
2793.3,-39.28
2795.7,-36.882
2798.2,-39.63
2800.7,-41.086
2803.2,-42.026
2805.6,-54.605
2808.1,-54.142
2810.6,-48.383
2813,-39.531
2815.5,-36.816
2818,-39.597
2820.5,-41.097
2822.9,-42.006
2825.4,-47.889
2827.9,-54.173
2830.4,-48.506
2832.8,-39.673
2835.3,-34.201
2837.8,-39.548
2840.2,-41.061
2842.7,-41.972
2845.2,-47.64
2847.7,-54.321
2850.1,-48.804
2852.6,-39.925
2855.1,-34.27
2857.5,-39.473
2860,-41.014
2862.5,-41.783
2865,-47.385
2867.4,-54.362
2869.9,-48.996
2872.4,-40.177
2874.8,-34.37
2877.3,-36.505
2879.8,-41.001
2882.3,-41.907
2884.7,-47.172
2887.2,-54.198
2889.7,-49.116
2892.2,-40.377
2894.6,-34.311
2897.1,-36.413
2899.6,-41.011
2902,-41.879
2904.5,-47.076
2907,-54.141
2909.5,-49.394
2911.9,-40.504
2914.4,-34.332
2916.9,-36.313
2919.3,-39.279
2921.8,-41.78
2924.3,-46.753
2926.8,-54.012
2929.2,-54.57
2931.7,-40.798
2934.2,-34.374
2936.6,-36.161
2939.1,-39.17
2941.6,-41.737
2944.1,-46.482
2946.5,-53.791
2949,-54.498
2951.5,-41.024
2953.9,-34.424
2956.4,-36.073
2958.9,-39.195
2961.4,-41.632
2963.8,-46.31
2966.3,-53.725
2968.8,-54.733
2971.3,-49.9
2973.7,-34.505
2976.2,-36.044
2978.7,-39.14
2981.1,-40.833
2983.6,-46.09
2986.1,-53.646
2988.6,-54.67
2991,-50.023
2993.5,-34.565
2996,-35.961
2998.4,-39.11
3000.9,-40.844
3003.4,-45.867
3005.9,-53.498
3008.3,-54.762
3010.8,-50.169
3013.3,-34.571
3015.7,-35.786
3018.2,-39.028
3020.7,-40.896
3023.2,-41.577
3025.6,-53.362
3028.1,-54.884
3030.6,-50.327
3033.1,-41.862
3035.5,-35.657
3038,-38.862
3040.5,-40.795
3042.9,-41.452
3045.4,-53.215
3047.9,-54.793
3050.4,-50.499
3052.8,-42.087
3055.3,-35.651
3057.8,-38.849
3060.2,-40.801
3062.7,-41.472
3065.2,-45.254
3067.7,-54.935
3070.1,-50.664
3072.6,-42.359
3075.1,-34.885
3077.5,-38.738
3080,-40.682
3082.5,-41.447
3085,-45.212
3087.4,-54.892
3089.9,-50.802
3092.4,-42.514
3094.8,-34.892
3097.3,-38.716
3099.8,-40.669
3102.3,-41.624
3104.7,-44.997
3107.2,-54.856
3109.7,-50.895
3112.2,-42.743
3114.6,-35.063
3117.1,-35.342
3119.6,-40.607
3122,-41.417
3124.5,-44.834
3127,-52.682
3129.5,-51.125
3131.9,-43.039
3134.4,-35.224
3136.9,-35.315
3139.3,-40.758
3141.8,-41.433
3144.3,-44.616
3146.8,-52.467
3149.2,-51.282
3151.7,-43.209
3154.2,-35.28
3156.6,-35.182
3159.1,-40.544
3161.6,-41.422
3164.1,-44.435
3166.5,-52.287
3169,-54.991
3171.5,-43.467
3174,-35.399
3176.4,-35.025
3178.9,-38.324
3181.4,-41.363
3183.8,-44.317
3186.3,-52.206
3188.8,-55.059
3191.3,-43.621
3193.7,-35.531
3196.2,-35.017
3198.7,-38.448
3201.1,-41.342
3203.6,-44.104
3206.1,-52.008
3208.6,-55.045
3211,-43.853
3213.5,-35.625
3216,-34.873
3218.4,-38.114
3220.9,-40.461
3223.4,-43.996
3225.9,-51.877
3228.3,-55.016
3230.8,-51.731
3233.3,-35.803
3235.7,-34.757
3238.2,-38.201
3240.7,-40.411
3243.2,-43.91
3245.6,-51.734
3248.1,-55.112
3250.6,-51.977
3253.1,-35.92
3255.5,-34.784
3258,-38.344
3260.5,-40.366
3262.9,-41.331
3265.4,-51.58
3267.9,-55.26
3270.4,-52.228
3272.8,-44.564
3275.3,-34.713
3277.8,-38.077
3280.2,-40.257
3282.7,-41.269
3285.2,-51.296
3287.7,-55.083
3290.1,-52.275
3292.6,-44.84
3295.1,-34.84
3297.5,-38.159
3300,-40.29
3302.5,-41.305
3305,-51.172
3307.4,-55.119
3309.9,-52.323
3312.4,-45.01
3314.8,-36.487
3317.3,-37.885
3319.8,-40.202
3322.3,-41.254
3324.7,-43.338
3327.2,-55.049
3329.7,-52.487
3332.2,-45.218
3334.6,-36.6
3337.1,-37.925
3339.6,-40.169
3342,-41.287
3344.5,-43.21
3347,-55.088
3349.5,-52.629
3351.9,-45.462
3354.4,-36.765
3356.9,-37.827
3359.3,-40.166
3361.8,-41.291
3364.3,-43.054
3366.8,-50.541
3369.2,-52.783
3371.7,-45.693
3374.2,-36.934
3376.6,-34.47
3379.1,-40.126
3381.6,-41.24
3384.1,-42.874
3386.5,-50.335
3389,-52.849
3391.5,-45.921
3394,-37.037
3396.4,-34.313
3398.9,-40.111
3401.4,-41.345
3403.8,-42.843
3406.3,-50.14
3408.8,-54.931
3411.3,-46.076
3413.7,-37.278
3416.2,-34.257
3418.7,-37.602
3421.1,-41.236
3423.6,-42.708
3426.1,-49.935
3428.6,-55.013
3431,-46.322
3433.5,-37.484
3436,-34.269
3438.4,-37.555
3440.9,-41.191
3443.4,-42.549
3445.9,-49.683
3448.3,-54.961
3450.8,-46.546
3453.3,-37.721
3455.7,-34.323
3458.2,-37.506
3460.7,-39.963
3463.2,-42.551
3465.6,-49.596
3468.1,-54.996
3470.6,-53.274
3473.1,-37.97
3475.5,-34.353
3478,-37.403
3480.5,-39.896
3482.9,-42.49
3485.4,-49.346
3487.9,-54.823
3490.4,-53.407
3492.8,-38.128
3495.3,-34.218
3497.8,-37.421
3500.2,-39.944
3502.7,-42.394
3505.2,-49.116
3507.7,-54.818
3510.1,-53.558
3512.6,-47.241
3515.1,-34.206
3517.5,-37.252
3520,-39.79
3522.5,-41.141
3525,-48.905
3527.4,-54.723
3529.9,-53.59
3532.4,-47.444
3534.9,-34.235
3537.3,-37.203
3539.8,-39.762
3542.3,-41.153
3544.7,-48.746
3547.2,-54.671
3549.7,-53.612
3552.2,-47.552
3554.6,-38.682
3557.1,-37.014
3559.6,-39.77
3562,-41.129
3564.5,-42.096
3567,-54.637
3569.5,-53.826
3571.9,-47.816
3574.4,-38.958
3576.9,-36.956
3579.3,-39.681
3581.8,-41.117
3584.3,-42.133
3586.8,-54.473
3589.2,-53.83
3591.7,-48.061
3594.2,-39.152
3596.6,-36.845
3599.1,-39.566
3601.6,-41.026
3604.1,-41.912
3606.5,-47.958
3609,-53.939
3611.5,-48.113
3614,-39.311
3616.4,-34.201
3618.9,-39.553
3621.4,-41.084
3623.8,-41.937
3626.3,-47.76
3628.8,-54.017
3631.3,-48.318
3633.7,-39.444
3636.2,-34.163
3638.7,-39.563
3641.1,-41.088
3643.6,-41.967
3646.1,-47.621
3648.6,-54.09
3651,-48.558
3653.5,-39.725
3656,-34.151
3658.4,-36.51
3660.9,-41.054
3663.4,-42.04
3665.9,-47.515
3668.3,-54.258
3670.8,-48.776
3673.3,-39.977
3675.8,-34.292
3678.2,-36.49
3680.7,-41.056
3683.2,-41.694
3685.6,-47.144
3688.1,-54.147
3690.6,-48.931
3693.1,-40.21
3695.5,-34.266
3698,-36.395
3700.5,-39.353
3702.9,-41.984
3705.4,-47.019
3707.9,-54.033
3710.4,-54.344
3712.8,-40.384
3715.3,-34.285
3717.8,-36.34
3720.2,-39.289
3722.7,-41.674
3725.2,-46.752
3727.7,-53.942
3730.1,-54.414
3732.6,-40.579
3735.1,-34.31
3737.5,-36.251
3740,-39.291
3742.5,-41.717
3745,-46.575
3747.4,-53.787
3749.9,-54.391
3752.4,-49.478
3754.9,-34.357
3757.3,-36.151
3759.8,-39.07
3762.3,-40.785
3764.7,-46.391
3767.2,-53.703
3769.7,-54.441
3772.2,-49.701
3774.6,-34.431
3777.1,-36.03
3779.6,-39.2
3782,-40.84
3784.5,-46.199
3787,-53.556
3789.5,-54.621
3791.9,-49.843
3794.4,-34.476
3796.9,-35.979
3799.3,-39.219
3801.8,-40.884
3804.3,-41.59
3806.8,-53.445
3809.2,-54.563
3811.7,-49.879
3814.2,-41.435
3816.7,-36.004
3819.1,-39.108
3821.6,-40.862
3824.1,-41.581
3826.5,-53.375
3829,-54.673
3831.5,-50.135
3834,-41.75
3836.4,-35.846
3838.9,-39.086
3841.4,-40.803
3843.8,-41.455
3846.3,-53.251
3848.8,-54.74
3851.3,-50.372
3853.7,-42.006
3856.2,-34.739
3858.7,-38.889
3861.1,-40.752
3863.6,-41.475
3866.1,-45.42
3868.6,-54.787
3871,-50.495
3873.5,-42.167
3876,-34.93
3878.4,-38.831
3880.9,-40.729
3883.4,-41.497
3885.9,-45.27
3888.3,-54.791
3890.8,-50.687
3893.3,-42.482
3895.8,-34.954
3898.2,-35.501
3900.7,-40.73
3903.2,-41.463
3905.6,-44.999
3908.1,-52.718
3910.6,-50.835
3913.1,-42.682
3915.5,-35.037
3918,-35.41
3920.5,-40.686
3922.9,-41.475
3925.4,-44.777
3927.9,-52.582
3930.4,-50.931
3932.8,-42.844
3935.3,-35.165
3937.8,-35.299
3940.2,-40.6
3942.7,-41.537
3945.2,-44.697
3947.7,-52.447
3950.1,-54.898
3952.6,-43.136
3955.1,-35.292
3957.6,-35.259
3960,-38.615
3962.5,-41.323
3965,-44.457
3967.4,-52.301
3969.9,-54.948
3972.4,-43.366
3974.9,-35.436
3977.3,-35.214
3979.8,-38.492
3982.3,-41.383
3984.7,-44.293
3987.2,-52.147
3989.7,-54.914
3992.2,-43.57
3994.6,-35.479
3997.1,-35.062
3999.6,-38.355
4002,-40.447
4004.5,-44.123
4007,-51.953
4009.5,-54.967
4011.9,-51.475
4014.4,-35.624
4016.9,-34.955
4019.3,-38.381
4021.8,-40.537
4024.3,-44.077
4026.8,-51.874
4029.2,-54.945
4031.7,-51.658
4034.2,-35.805
4036.7,-34.92
4039.1,-38.234
4041.6,-40.51
4044.1,-41.403
4046.5,-51.652
4049,-54.921
4051.5,-51.804
4054,-44.301
4056.4,-34.789
4058.9,-38.229
4061.4,-40.421
4063.8,-41.378
4066.3,-51.502
4068.8,-54.983
4071.3,-51.945
4073.7,-44.496
4076.2,-34.766
4078.7,-38.211
4081.1,-40.435
4083.6,-41.36
4086.1,-51.223
4088.6,-54.891
4091,-52.035
4093.5,-44.633
4096,-36.202
4098.4,-38.103
4100.9,-40.307
4103.4,-41.348
4105.9,-43.428
4108.3,-55.012
4110.8,-52.199
4113.3,-44.908
4115.8,-36.414
4118.2,-37.987
4120.7,-40.263
4123.2,-41.26
4125.6,-43.349
4128.1,-54.954
4130.6,-52.362
4133.1,-45.175
4135.5,-36.558
4138,-37.922
4140.5,-40.257
4142.9,-41.316
4145.4,-43.298
4147.9,-50.8
4150.4,-52.547
4152.8,-45.352
4155.3,-36.74
4157.8,-34.491
4160.2,-40.116
4162.7,-41.254
4165.2,-43.103
4167.7,-50.502
4170.1,-52.528
4172.6,-45.545
4175.1,-36.921
4177.6,-34.476
4180,-40.156
4182.5,-41.241
4185,-42.83
4187.4,-50.311
4189.9,-54.921
4192.4,-45.822
4194.9,-37.112
4197.3,-34.393
4199.8,-37.728
4202.3,-41.15
4204.7,-42.679
4207.2,-50.094
4209.7,-54.915
4212.2,-45.987
4214.6,-37.227
4217.1,-34.277
4219.6,-37.532
4222,-41.368
4224.5,-42.944
4227,-49.997
4229.5,-54.879
4231.9,-46.207
4234.4,-37.409
4236.9,-34.353
4239.3,-37.583
4241.8,-39.92
4244.3,-42.94
4246.8,-49.766
4249.2,-54.813
4251.7,-53.081
4254.2,-37.619
4256.7,-34.29
4259.1,-37.447
4261.6,-39.899
4264.1,-42.444
4266.5,-49.514
4269,-54.838
4271.5,-53.117
4274,-37.788
4276.4,-34.226
4278.9,-37.362
4281.4,-39.941
4283.8,-42.537
4286.3,-49.382
4288.8,-54.755
4291.3,-53.278
4293.7,-46.865
4296.2,-34.251
4298.7,-37.323
4301.1,-39.941
4303.6,-41.195
4306.1,-49.089
4308.6,-54.671
4311,-53.31
4313.5,-46.974
4316,-34.167
4318.5,-37.238
4320.9,-39.74
4323.4,-41.076
4325.9,-48.902
4328.3,-54.683
4330.8,-53.55
4333.3,-47.347
4335.8,-38.382
4338.2,-37.191
4340.7,-39.69
4343.2,-41.185
4345.6,-42.214
4348.1,-54.604
4350.6,-53.524
4353.1,-47.444
4355.5,-38.647
4358,-37.001
4360.5,-39.808
4362.9,-41.118
4365.4,-42.111
4367.9,-54.517
4370.4,-53.722
4372.8,-47.657
4375.3,-38.782
4377.8,-36.949
4380.2,-39.627
4382.7,-41.086
4385.2,-42.094
4387.7,-48.361
4390.1,-53.732
4392.6,-47.811
4395.1,-38.94
4397.6,-33.979
4400,-39.601
4402.5,-41.138
4405,-42.054
4407.4,-48.193
4409.9,-53.91
4412.4,-48.103
4414.9,-39.258
4417.3,-34.217
4419.8,-39.555
4422.3,-40.994
4424.7,-41.983
4427.2,-47.851
4429.7,-53.954
4432.2,-48.249
4434.6,-39.465
4437.1,-34.067
4439.6,-36.641
4442,-40.997
4444.5,-41.887
4447,-47.658
4449.5,-54.323
4451.9,-48.431
4454.4,-39.67
4456.9,-34.141
4459.4,-36.617
4461.8,-41.038
4464.3,-41.931
4466.8,-47.483
4469.2,-54.198
4471.7,-48.597
4474.2,-39.889
4476.7,-34.179
4479.1,-36.557
4481.6,-40.967
4484.1,-41.879
4486.5,-47.267
4489,-54.09
4491.5,-54.186
4494,-40.091
4496.4,-34.159
4498.9,-36.417
4501.4,-39.367
4503.8,-41.739
4506.3,-47.051
4508.8,-54.003
4511.3,-54.211
4513.7,-40.254
4516.2,-34.204
4518.7,-36.287
4521.1,-39.269
4523.6,-41.736
4526.1,-46.79
4528.6,-53.927
4531,-54.23
4533.5,-49.154
4536,-34.231
4538.5,-36.307
4540.9,-39.271
4543.4,-40.86
4545.9,-46.693
4548.3,-53.848
4550.8,-54.381
4553.3,-49.48
4555.8,-34.332
4558.2,-36.162
4560.7,-39.288
4563.2,-40.879
4565.6,-46.435
4568.1,-53.711
4570.6,-54.325
4573.1,-49.385
4575.5,-34.358
4578,-36.02
4580.5,-39.052
4582.9,-40.817
4585.4,-41.642
4587.9,-53.583
4590.4,-54.521
4592.8,-49.854
4595.3,-41.156
4597.8,-35.968
4600.3,-39.102
4602.7,-40.816
4605.2,-41.594
4607.7,-53.47
4610.1,-54.62
4612.6,-49.944
4615.1,-41.324
4617.6,-35.881
4620,-39.02
4622.5,-40.788
4625,-41.538
4627.4,-53.416
4629.9,-54.541
4632.4,-50.031
4634.9,-41.561
4637.3,-34.598
4639.8,-38.934
4642.3,-40.737
4644.7,-41.507
4647.2,-45.657
4649.7,-54.588
4652.2,-50.184
4654.6,-41.811
4657.1,-34.616
4659.6,-38.877
4662,-40.68
4664.5,-41.492
4667,-45.527
4669.5,-54.746
4671.9,-50.356
4674.4,-42.004
4676.9,-34.708
4679.4,-35.58
4681.8,-40.679
4684.3,-41.489
4686.8,-45.267
4689.2,-52.972
4691.7,-50.544
4694.2,-42.274
4696.7,-34.9
4699.1,-35.492
4701.6,-40.669
4704.1,-41.499
4706.5,-45.214
4709,-52.866
4711.5,-50.676
4714,-42.482
4716.4,-34.958
4718.9,-35.507
4721.4,-40.681
4723.8,-41.562
4726.3,-45.105
4728.8,-52.744
4731.3,-54.902
4733.7,-42.76
4736.2,-35.07
4738.7,-35.399
4741.1,-38.661
4743.6,-41.653
4746.1,-44.831
4748.6,-52.529
4751,-54.844
4753.5,-42.945
4756,-35.122
4758.5,-35.171
4760.9,-38.554
4763.4,-41.498
4765.9,-44.56
4768.3,-52.415
4770.8,-54.95
4773.3,-43.16
4775.8,-35.353
4778.2,-35.262
4780.7,-38.563
4783.2,-40.533
4785.6,-44.336
4788.1,-52.238
4790.6,-54.907
4793.1,-51.285
4795.5,-35.398
4798,-35.042
4800.5,-38.4
4802.9,-40.395
4805.4,-44.221
4807.9,-52.063
4810.4,-54.896
4812.8,-51.388
4815.3,-35.495
4817.8,-34.943
4820.3,-38.386
4822.7,-40.507
4825.2,-41.389
4827.7,-51.913
4830.1,-55.008
4832.6,-51.6
4835.1,-43.873
4837.6,-34.95
4840,-38.601
4842.5,-40.472
4845,-41.286
4847.4,-51.765
4849.9,-54.94
4852.4,-51.731
4854.9,-44.02
4857.3,-34.8
4859.8,-38.089
4862.3,-40.29
4864.7,-41.249
4867.2,-51.521
4869.7,-54.936
4872.2,-51.91
4874.6,-44.316
4877.1,-35.903
4879.6,-38.271
4882,-40.325
4884.5,-41.332
4887,-43.632
4889.5,-54.996
4891.9,-51.93
4894.4,-44.537
4896.9,-36.138
4899.4,-38.172
4901.8,-40.292
4904.3,-41.249
4906.8,-43.466
4909.2,-54.976
4911.7,-52.209
4914.2,-44.758
4916.7,-36.211
4919.1,-38.085
4921.6,-40.259
4924.1,-41.242
4926.5,-43.367
4929,-51.056
4931.5,-52.304
4934,-44.997
4936.4,-36.498
4938.9,-34.709
4941.4,-40.19
4943.8,-41.231
4946.3,-43.165
