0.0078675,0.76708,0.14091,0.58867,0.0080004,0.8696,0.87143,0.36664,0.84132,0.87733,0.66049,0.73823,0.7564,0.2342,0.95564,0.63972,0.42216,0.7708,0.90064,0.74976,0.65918,0.63084,0.2374,0.45689,0.28861,0.29636,0.75556,0.72775,0.51076,0.20526,0.93909,0.39979,0.31704,0.32335,0.9118,0.29822,0.6218,0.45891,0.90072,0.019573,0.8799,0.90006,0.91731,0.18369,0.11148,0.062015,0.21131,0.23754,0.6439,0.33451,0.99676,0.19283,0.57142,0.038702,0.74482,0.27249,0.057885,0.11431,0.94183,0.52416,0.80905,0.1625,0.4291,0.80888,0.16768,0.94292,0.80754,0.099326,0.18255,0.24006,0.85354,0.95207,0.020564,0.80363,0.46716,0.017933,0.36276,0.13627,0.085656,0.62588,0.59569,0.67889,0.15168,0.044637,0.77294,0.48688,0.63401,0.83505,0.62684,0.16872,0.38587,0.9364,0.98327,0.92732,0.55058,0.16541,0.2746,0.34765,0.32953,0.8298
0.38834,0.8459,0.57086,0.93388,0.77205,0.37078,0.57698,0.45833,0.069184,0.048381,0.60433,0.99171,0.050465,0.28774,0.26779,0.89707,0.13551,0.40885,0.50398,0.97648,0.18354,0.070331,0.90072,0.62869,0.34462,0.54701,0.19966,0.6674,0.92337,0.92094,0.31452,0.83618,0.26982,0.31143,0.70184,0.63856,0.39697,0.45605,0.041715,0.33133,0.93094,0.54869,0.50407,0.91902,0.70948,0.52253,0.070489,0.61419,0.50928,0.64713,0.24022,0.80214,0.20546,0.77915,0.57432,0.63098,0.015474,0.63271,0.85653,0.33602,0.91499,0.6203,0.36556,0.016112,0.1953,0.25501,0.64785,0.049547,0.73167,0.78639,0.42677,0.24209,0.76735,0.57837,0.66469,0.92174,0.41513,0.76062,0.78985,0.89268,0.523,0.14886,0.033802,0.40813,0.81833,0.94479,0.87658,0.0020227,0.40588,0.89997,0.11624,0.72392,0.77408,0.37771,0.80293,0.98312,0.058102,0.099193,0.31874,0.71932
0.10018,0.35064,0.22126,0.55672,0.87837,0.74109,0.35956,0.98834,0.060108,0.5609,0.1145,0.63623,0.95441,0.85358,0.94937,0.12103,0.78534,0.99251,0.71302,0.97513,0.53697,0.062063,0.44516,0.55551,0.25533,0.27193,0.74129,0.64748,0.75819,0.51676,0.62695,0.15466,0.20839,0.65942,0.27436,0.69493,0.85477,0.17575,0.624,0.053763,0.1791,0.41036,0.96682,0.464,0.25088,0.14096,0.24878,0.61175,0.08525,0.25483,0.64516,0.79335,0.46961,0.51035,0.88767,0.74212,0.53672,0.97006,0.31727,0.86689,0.30257,0.73001,0.99703,0.29539,0.56747,0.71753,0.0064479,0.05077,0.26859,0.68725,0.85034,0.62458,0.13081,0.61463,0.84611,0.51803,0.75152,0.79796,0.58538,0.8121,0.77129,0.070532,0.042096,0.83191,0.67479,0.79394,0.40165,0.17454,0.9388,0.12256,0.28026,0.89624,0.13983,0.087242,0.50866,0.32369,0.1807,0.57762,0.52872,0.043005
0.22964,0.2384,0.46342,0.0015147,0.30556,0.63254,0.40786,0.77573,0.63204,0.61639,0.025575,0.83623,0.71805,0.78764,0.25836,0.19894,0.92033,0.05377,0.92858,0.55018,0.16259,0.17287,0.074236,0.9224,0.87,0.38409,0.089229,0.84663,0.18662,0.55171,0.55593,0.27177,0.87012,0.37992,0.64288,0.84705,0.25102,0.0069999,0.60696,0.1475,0.69474,0.89201,0.67239,0.76627,0.69902,0.57463,0.63122,0.16269,0.74548,0.028415,0.31519,0.38007,0.71531,0.66343,0.43513,0.084131,0.45148,0.12236,0.70135,0.27588,0.47547,0.37632,0.91735,0.45506,0.92927,0.81382,0.48083,0.69577,0.010707,0.25353,0.88499,0.73731,0.21742,0.80791,0.04113,0.61351,0.31931,0.19343,0.92572,0.40361,0.65051,0.57744,0.24008,0.49954,0.32387,0.60296,0.50952,0.20557,0.8909,0.074724,0.9694,0.86274,0.95903,0.068139,0.10696,0.57529,0.027049,0.38596,0.76603,0.49533
0.64976,0.50588,0.65164,0.55324,0.50219,0.86881,0.38431,0.53859,0.48947,0.10663,0.46704,0.72922,0.020366,0.66735,0.49415,0.88345,0.47989,0.17437,0.53302,0.44133,0.51756,0.65659,0.78934,0.47765,0.5914,0.84563,0.43968,0.53853,0.77237,0.81757,0.42975,0.21425,0.87762,0.033811,0.70447,0.27912,0.73714,0.2558,0.69016,0.81942,0.1304,0.99201,0.53423,0.95274,0.71317,0.010595,0.52473,0.13707,0.32352,0.76372,0.23393,0.55629,0.83457,0.78873,0.56714,0.34651,0.010189,0.65263,0.16206,0.25084,0.24357,0.31056,0.68315,0.93648,0.34504,0.96105,0.067079,0.95688,0.23677,0.28759,0.84838,0.76237,0.87601,0.8861,0.74561,0.99421,0.95336,0.86147,0.074494,0.65371,0.3935,0.30786,0.66893,0.029086,0.93018,0.062402,0.50152,0.64832,0.16152,0.76307,0.31992,0.36343,0.18928,0.89353,0.080301,0.31009,0.61903,0.50309,0.43774,0.85558
0.85794,0.4709,0.83492,0.32587,0.82743,0.25586,0.85825,0.034325,0.12962,0.34441,0.39293,0.41229,0.6965,0.94959,0.58474,0.093664,0.89204,0.37913,0.15477,0.16076,0.23233,0.3529,0.91115,0.02175,0.67081,0.9121,0.80268,0.43836,0.42714,0.54654,0.69093,0.31909,0.35204,0.022752,0.082741,0.90568,0.69115,0.16881,0.92596,0.42417,0.09989,0.065476,0.76895,0.24702,0.52061,0.67381,0.30469,0.29277,0.35329,0.561,0.28428,0.48128,0.3711,0.89084,0.43186,0.79056,0.53638,0.13519,0.67337,0.79565,0.63654,0.01087,0.54189,0.34782,0.50306,0.7584,0.1725,0.34157,0.79748,0.38484,0.28191,0.25578,0.86599,0.55145,0.18274,0.37918,0.94553,0.028155,0.46746,0.45869,0.85184,0.9122,0.52818,0.96082,0.20362,0.8302,0.71947,0.90536,0.10876,0.021545,0.87792,0.38759,0.12778,0.94285,0.5505,0.63118,0.46941,0.94326,0.34608,0.32177
0.065638,0.26563,0.91551,0.97018,0.69971,0.23924,0.13071,0.61912,0.96923,0.69468,0.20428,0.99719,0.33006,0.54975,0.38276,0.21662,0.13751,0.51415,0.95247,0.85805,0.13355,0.36178,0.41182,0.30447,0.26585,0.57312,0.4462,0.038116,0.51339,0.12957,0.31514,0.26132,0.06903,0.62714,0.86933,0.3317,0.40003,0.92828,0.26797,0.061678,0.45344,0.37271,0.27491,0.62368,0.7575,0.14616,0.16064,0.65168,0.60771,0.69108,0.5403,0.71758,0.42665,0.88745,0.78054,0.72423,0.057989,0.6057,0.23861,0.73517,0.006946,0.80504,0.50051,0.14241,0.55611,0.41895,0.015813,0.83252,0.7501,0.1924,0.086572,0.45465,0.17192,0.88464,0.74011,0.39598,0.63426,0.30827,0.14322,0.62411,0.068723,0.28631,0.16117,0.0343,0.42064,0.033497,0.46086,0.4922,0.93102,0.64335,0.69825,0.27899,0.28081,0.013142,0.4851,0.57927,0.96387,0.12173,0.85109,0.17958
0.8152,0.88353,0.18533,0.42342,0.97327,0.77992,0.33723,0.45036,0.27708,0.99792,0.72487,0.71275,0.25168,0.39775,0.79987,0.82029,0.48355,0.71697,0.3884,0.96925,0.65662,0.62275,0.74152,0.9638,0.79378,0.48831,0.57156,0.69077,0.80439,0.24142,0.35553,0.37224,0.70017,0.034526,0.26078,0.14531,0.52248,0.022057,0.87999,0.74298,0.30728,0.27888,0.31552,0.75362,0.88753,0.4902,0.32002,0.958,0.080015,0.40063,0.99584,0.81324,0.35953,0.063733,0.6605,0.62438,0.080302,0.43803,0.5926,0.88439,0.69101,0.51054,0.74328,0.76717,0.26631,0.62135,0.05379,0.17473,0.34953,0.46746,0.025089,0.92798,0.71612,0.5591,0.26647,0.93301,0.34337,0.29409,0.60199,0.56564,0.18,0.24727,0.22176,0.28123,0.85841,0.60753,0.58018,0.23162,0.85951,0.38684,0.81553,0.51156,0.6529,0.84876,0.011983,0.79657,0.15828,0.44176,0.84894,0.60497
0.84751,0.086123,0.21903,0.38802,0.26705,0.69812,0.78459,0.14257,0.63944,0.52609,0.36955,0.24137,0.99416,0.39187,0.16537,0.069158,0.99024,0.92995,0.77505,0.18305,0.68434,0.49085,0.94915,0.80513,0.73696,0.19269,0.49934,0.79627,0.25514,0.12296,0.60444,0.2883,0.33974,0.15712,0.96822,0.71682,0.012975,0.99291,0.8123,0.72836,0.1888,0.40158,0.84181,0.6623,0.09675,0.27795,0.58395,0.13763,0.41076,0.9785,0.83954,0.2148,0.28583,0.44759,0.37354,0.33867,0.21223,0.063116,0.29078,0.36653,0.17299,0.70681,0.81647,0.53365,0.17479,0.60973,0.10172,0.37842,0.80216,0.30715,0.73415,0.14923,0.66988,0.48673,0.81167,0.2966,0.05149,0.62601,0.15828,0.69467,0.39417,0.088125,0.25865,0.79204,0.44421,0.13419,0.88737,0.56872,0.62405,0.65347,0.52366,0.4603,0.45811,0.10938,0.97775,0.97162,0.30247,0.29946,0.88856,0.064489
0.094872,0.39219,0.84851,0.068015,0.89259,0.29915,0.60242,0.75624,0.7279,0.10172,0.38203,0.21033,0.33879,0.098023,0.89083,0.074709,0.074281,0.61744,0.2278,0.34961,0.87086,0.90919,0.0038202,0.67772,0.12713,0.44082,0.0771,0.6875,0.31841,0.080169,0.7627,0.35554,0.30437,0.84407,0.75085,0.57196,0.45441,0.27666,0.75607,0.87062,0.96231,0.8927,0.64179,0.40748,0.035795,0.4701,0.29697,0.82902,0.92186,0.85512,0.15763,0.12216,0.77185,0.69289,0.68101,0.1655,0.86736,0.027966,0.093588,0.47938,0.96566,0.12224,0.45107,0.5951,0.40282,0.37863,0.7751,0.40828,0.10565,0.21084,0.20277,0.76653,0.51559,0.52235,0.97309,0.42612,0.82126,0.21956,0.29729,0.84447,0.60825,0.67446,0.27159,0.48789,0.62232,0.030493,0.84169,0.80943,0.39435,0.69767,0.80292,0.333,0.047706,0.31711,0.99803,0.36285,0.49149,0.70228,0.90406,0.39656
0.091165,0.92925,0.011191,0.99389,0.28388,0.03887,0.052689,0.43406,0.41073,0.083999,0.51306,0.44214,0.64805,0.039174,0.31541,0.49987,0.88079,0.34476,0.67127,0.12502,0.45448,0.42142,0.43412,0.06021,0.64569,0.58232,0.91433,0.81987,0.76336,0.58948,0.85534,0.37819,0.56425,0.95642,0.36963,0.18096,0.69109,0.36259,0.98991,0.11194,0.078384,0.61754,0.022351,0.22709,0.056999,0.28225,0.53096,0.93627,0.15534,0.56869,0.47806,0.40948,0.94482,0.27093,0.13976,0.50266,0.6371,0.025596,0.74838,0.40517,0.10486,0.45712,0.41939,0.26422,0.31393,0.63413,0.63577,0.52706,0.81637,0.89765,0.56308,0.28523,0.93377,0.91675,0.083388,0.60489,0.69598,0.50004,0.20462,0.98009,0.93764,0.019073,0.0031656,0.82565,0.54772,0.83151,0.6161,0.99011,0.13922,0.52149,0.31198,0.94897,0.7683,0.41867,0.63217,0.71502,0.964,0.6397,0.2488,0.25025
0.44522,0.62593,0.1719,0.77295,0.45215,0.23425,0.055778,0.11397,0.39539,0.61749,0.15966,0.364,0.051029,0.11544,0.42754,0.87518,0.62524,0.065566,0.1096,0.97661,0.64303,0.44787,0.23582,0.58578,0.32469,0.18082,0.54591,0.51926,0.53762,0.51757,0.99017,0.48041,0.88019,0.56601,0.89828,0.85592,0.053702,0.83344,0.65749,0.32091,0.37835,0.16497,0.42424,0.80816,0.96067,0.62975,0.61722,0.1805,0.76916,0.466,0.86008,0.012785,0.30757,0.87434,0.96174,0.59551,0.99798,0.50736,0.16408,0.32167,0.51295,0.33586,0.79092,0.07891,0.20874,0.79454,0.28146,0.22843,0.19834,0.5644,0.88533,0.94127,0.41584,0.3297,0.23629,0.75817,0.15817,0.0751,0.31175,0.92416,0.76872,0.77213,0.88259,0.051192,0.19635,0.75079,0.16819,0.053049,0.47898,0.068934,0.84472,0.21922,0.73428,0.54048,0.94741,0.83613,0.11826,0.074036,0.64208,0.79189
0.77517,0.96955,0.035295,0.63329,0.73797,0.69323,0.22332,0.23121,0.15701,0.3346,0.87344,0.45618,0.43008,0.077065,0.013731,0.95881,0.91471,0.45422,0.11658,0.46245,0.37929,0.52306,0.3659,0.13059,0.50037,0.2255,0.67276,0.5054,0.36276,0.2259,0.39372,0.98101,0.87825,0.62124,0.81121,0.12802,0.85024,0.30631,0.51957,0.15275,0.16806,0.3121,0.66055,0.018566,0.59858,0.45332,0.53199,0.73008,0.07531,0.085162,0.99693,0.037154,0.59225,0.81234,0.98173,0.32074,0.48474,0.74311,0.82037,0.57792,0.34843,0.6141,0.93056,0.29168,0.93732,0.97749,0.075282,0.96198,0.93777,0.90107,0.7561,0.272,0.5151,0.47041,0.70964,0.9699,0.54171,0.46272,0.42828,0.18581,0.19542,0.091037,0.82328,0.84564,0.028195,0.24968,0.85053,0.83455,0.64752,0.23971,0.34494,0.68217,0.14848,0.93229,0.92705,0.015841,0.2213,0.18734,0.36709,0.18346
0.046258,0.68283,0.73784,0.70271,0.52504,0.98235,0.18872,0.72797,0.91208,0.0946,0.85298,0.1916,0.82639,0.13099,0.025202,0.77566,0.35242,0.35543,0.27899,0.68489,0.63269,0.91335,0.96518,0.83264,0.60791,0.21927,0.8897,0.97059,0.57243,0.23864,0.11314,0.80637,0.64242,0.52552,0.17005,0.50867,0.83767,0.81094,0.25054,0.26154,0.84946,0.19702,0.10675,0.78702,0.42677,0.18516,0.18208,0.26206,0.052827,0.40619,0.57967,0.70816,0.14666,0.35666,0.41105,0.034568,0.61549,0.72459,0.3281,0.70863,0.67097,0.95954,0.37165,0.73128,0.45054,0.66596,0.17299,0.2646,0.86685,0.63524,0.6036,0.25649,0.3101,0.32516,0.31258,0.91986,0.8055,0.72868,0.9559,0.84168,0.22756,0.94469,0.94249,0.65479,0.27032,0.52622,0.92744,0.88468,0.25923,0.28527,0.84683,0.67646,0.60151,0.85342,0.96121,0.35373,0.96973,0.92838,0.35793,0.85703
0.56111,0.81097,0.62198,0.82765,0.44535,0.37908,0.28523,0.73649,0.85748,0.73947,0.28376,0.36743,0.1092,0.40826,0.62952,0.039451,0.8358,0.35718,0.83825,0.086103,0.47553,0.0046537,0.33048,0.89344,0.61085,0.30139,0.69471,0.49613,0.029172,0.086823,0.93032,0.59628,0.90093,0.57638,0.21494,0.4009,0.37369,0.68804,0.03545,0.50696,0.22786,0.34553,0.0041433,0.83151,0.29544,0.78993,0.43351,0.92535,0.1397,0.65098,0.22623,0.96747,0.05257,0.64722,0.16853,0.71136,0.15797,0.0055227,0.77024,0.67304,0.20903,0.90014,0.14185,0.88791,0.89043,0.27947,0.32914,0.71121,0.34985,0.46036,0.2387,0.94416,0.86073,0.49617,0.042168,0.18943,0.88288,0.071684,0.87646,0.82848,0.90478,0.50085,0.60878,0.034646,0.33332,0.48832,0.67435,0.86882,0.073897,0.85567,0.98654,0.096881,0.81009,0.68266,0.40146,0.35429,0.088547,0.941,0.92583,0.76368
0.91977,0.59744,0.62756,0.83513,0.21373,0.69085,0.7817,0.011116,0.08155,0.4374,0.43703,0.81258,0.53291,0.36982,0.89183,0.27728,0.1535,0.85274,0.15713,0.74834,0.93528,0.086527,0.046497,0.070943,0.54691,0.20591,0.77598,0.40647,0.37063,0.5137,0.97588,0.43123,0.90345,0.79764,0.35545,0.70636,0.78339,0.12949,0.0074632,0.32172,0.26298,0.57622,0.67408,0.94785,0.55135,0.78031,0.32441,0.46415,0.30228,0.36861,0.60244,0.71691,0.33579,0.12246,0.06201,0.096716,0.24806,0.36745,0.41327,0.18949,0.85647,0.58223,0.65621,0.34021,0.063483,0.067008,0.9546,0.63069,0.51997,0.25433,0.89491,0.92697,0.098639,0.34152,0.3272,0.57219,0.44489,0.84569,0.13445,0.58196,0.30848,0.95841,0.12304,0.9693,0.20162,0.0036323,0.93992,0.4059,0.89296,0.32722,0.16976,0.73722,0.90831,0.28146,0.85985,0.3271,0.71264,0.76081,0.36937,0.83551
0.75147,0.76922,0.29658,0.87052,0.70591,0.34088,0.64571,0.41919,0.94076,0.38943,0.2842,0.92432,0.69906,0.90113,0.84242,0.29668,0.38459,0.061879,0.51524,0.76402,0.39758,0.058313,0.75565,0.48756,0.66785,0.63379,0.89016,0.59882,0.79142,0.34209,0.81566,0.92874,0.6872,0.3544,0.62994,0.90696,0.62591,0.72446,0.76802,0.79358,0.055523,0.37693,0.16342,0.97405,0.60883,0.65569,0.4561,0.86535,0.65953,0.084293,0.021198,0.51843,0.62355,0.80969,0.6313,0.9917,0.984,0.75726,0.68945,0.20442,0.36288,0.46853,0.75731,0.39216,0.62745,0.10379,0.50349,0.0916,0.42385,0.37591,0.73194,0.49345,0.10782,0.17653,0.97338,0.40751,0.38934,0.39175,0.14098,0.43931,0.28157,0.42476,0.81849,0.7688,0.45648,0.76334,0.97683,0.88631,0.082986,0.35816,0.087724,0.38758,0.19382,0.89469,0.85062,0.85753,0.86436,0.61371,0.25709,0.1889
0.75347,0.44914,0.33391,0.95547,0.81105,0.53326,0.095666,0.82054,0.37203,0.93689,0.73889,0.18519,0.41739,0.84192,0.57782,0.25135,0.51879,0.64325,0.32764,0.95607,0.079137,0.28673,0.38807,0.2124,0.021502,0.41889,0.028123,0.38617,0.86126,0.64721,0.88413,0.71912,0.71329,0.93766,0.80586,0.68416,0.036609,0.97824,0.70078,0.12641,0.20738,0.40226,0.0097556,0.12395,0.18873,0.80363,0.64675,0.20558,0.16363,0.11159,0.79944,0.17129,0.34291,0.076693,0.97844,0.54796,0.78835,0.35949,0.053144,0.62231,0.56134,0.5407,0.54514,0.47024,0.92917,0.91198,0.36508,0.62862,0.38739,0.12433,0.75166,0.53197,0.36419,0.98698,0.012963,0.63679,0.32753,0.49146,0.7415,0.033052,0.55787,0.5699,0.31302,0.21696,0.90897,0.96487,0.28234,0.054325,0.59433,0.73416,0.12611,0.8387,0.71115,0.71932,0.10733,0.6946,0.43723,0.16977,0.081916,0.92037
0.045664,0.92894,0.92496,0.85367,0.61866,0.47397,0.71309,0.036838,0.23717,0.52164,0.77508,0.99398,0.66855,0.83379,0.084361,0.20609,0.17458,0.88734,0.01502,0.77392,0.68324,0.35928,0.43618,0.10084,0.72486,0.31183,0.87267,0.3313,0.14751,0.81017,0.47926,0.97475,0.90776,0.16556,0.2575,0.87002,0.63482,0.51401,0.90276,0.65127,0.5602,0.85199,0.4976,0.24623,0.77691,0.36716,0.32549,0.69756,0.80632,0.70602,0.81276,0.78135,0.55251,0.66873,0.73563,0.76423,0.034452,0.93492,0.023274,0.71082,0.24786,0.8811,0.33071,0.92464,0.748,0.026986,0.22687,0.021258,0.035809,0.039951,0.49611,0.50132,0.079861,0.030561,0.87328,0.41388,0.1929,0.98168,0.66851,0.68524,0.77439,0.0056182,0.61165,0.36024,0.12979,0.54278,0.13352,0.83569,0.13876,0.22244,0.40739,0.80658,0.21496,0.50155,0.6182,0.268,0.35706,0.14549,0.29194,0.62126
0.66829,0.91886,0.25588,0.48213,0.30579,0.68873,0.90432,0.8378,0.13108,0.082903,0.014748,0.41034,0.96886,0.8812,0.81273,0.79873,0.27854,0.56075,0.62184,0.47965,0.94637,0.63109,0.065005,0.82935,0.60597,0.24208,0.86293,0.3268,0.50842,0.28748,0.36123,0.060773,0.44755,0.66941,0.4604,0.4092,0.95453,0.60498,0.50371,0.81831,0.060753,0.92039,0.25244,0.99875,0.18785,0.50122,0.028747,0.18021,0.18054,0.6798,0.2087,0.22739,0.82175,0.4245,0.16559,0.23609,0.88301,0.4393,0.74147,0.94738,0.1173,0.53304,0.48767,0.47489,0.27214,0.74948,0.013288,0.51842,0.29803,0.21389,0.081887,0.31555,0.29329,0.21673,0.70334,0.80993,0.26423,0.58745,0.28056,0.93292,0.35558,0.47703,0.5002,0.73786,0.4964,0.26142,0.35101,0.14326,0.16734,0.65414,0.90718,0.99787,0.06747,0.76442,0.1558,0.33769,0.0051592,0.32588,0.82427,0.1771
0.12811,0.48707,0.95793,0.69896,0.25154,0.91447,0.26608,0.87318,0.66584,0.60796,0.75294,0.35642,0.17014,0.28599,0.17142,0.64376,0.34026,0.9705,0.82689,0.66761,0.16588,0.71275,0.15729,0.24034,0.21211,0.89845,0.011294,0.018005,0.21828,0.81789,0.47503,0.71783,0.61658,0.61092,0.30247,0.98081,0.028752,0.86074,0.28968,0.24534,0.90363,0.17883,0.69044,0.28982,0.12361,0.73045,0.22054,0.87365,0.48396,0.15105,0.55822,0.29677,0.80354,0.014303,0.36677,0.66259,0.47007,0.082161,0.16033,0.20312,0.62723,0.3631,0.63632,0.12317,0.51666,0.092609,0.73694,0.65747,0.8834,0.2719,0.52714,0.72402,0.58609,0.3627,0.62241,0.13378,0.73504,0.23718,0.028861,0.78232,0.082724,0.95432,0.56408,0.32775,0.22266,0.22427,0.85865,0.37129,0.31014,0.098141,0.44472,0.80217,0.70636,0.064645,0.20182,0.12015,0.091281,0.77652,0.91443,0.42708
0.76813,0.71764,0.93808,0.56432,0.62451,0.91908,0.15067,0.71216,0.37159,0.5991,0.17582,0.88799,0.0097353,0.65121,0.12314,0.49132,0.24697,0.69603,0.81275,0.73255,0.74615,0.97278,0.85451,0.79535,0.20135,0.70354,0.21634,0.71752,0.97535,0.24897,0.38145,0.44916,0.41317,0.80558,0.68089,0.17606,0.5666,0.12683,0.32451,0.1707,0.84564,0.64318,0.6059,0.30476,0.30602,0.54585,0.94387,0.27644,0.10609,0.37295,0.42852,0.63361,0.65822,0.78901,0.64394,0.40575,0.12998,0.78981,0.80729,0.24172,0.34824,0.90426,0.46424,0.43273,0.78166,0.070487,0.15684,0.845,0.59235,0.30036,0.60472,0.84905,0.66865,0.9438,0.88461,0.78333,0.83721,0.41025,0.22023,0.15325,0.20817,0.7285,0.81606,0.42519,0.63729,0.10765,0.44872,0.97901,0.31834,0.40294,0.42605,0.937,0.99081,0.75907,0.38468,0.72599,0.6194,0.34856,0.0049725,0.80071
0.97451,0.080747,0.90105,0.92242,0.58273,0.6604,0.46041,0.9072,0.2444,0.75507,0.9945,0.03594,0.79535,0.30332,0.86807,0.57123,0.35415,0.99025,0.79655,0.52768,0.77306,0.34112,0.3617,0.10416,0.82726,0.30226,0.72229,0.46693,0.76052,0.42546,0.09347,0.50488,0.72545,0.20308,0.6195,0.042372,0.56039,0.88088,0.84408,0.69086,0.50551,0.21116,0.91353,0.76728,0.28853,0.45351,0.42234,0.79549,0.60271,0.676,0.27746,0.25518,0.29817,0.52996,0.5266,0.12403,0.27706,0.13542,0.99262,0.91392,0.57305,0.49517,0.76997,0.48173,0.15721,0.57425,0.99994,0.90139,0.41872,0.24658,0.59571,0.2613,0.76328,0.0040275,0.54752,0.17562,0.15476,0.22786,0.50988,0.014303,0.9121,0.19873,0.44733,0.87162,0.42259,0.22784,0.76711,0.44985,0.080057,0.68632,0.75128,0.3516,0.71498,0.59469,0.91995,0.45618,0.56312,0.23235,0.59225,0.74502
0.49876,0.27135,0.10469,0.9203,0.74019,0.38681,0.25608,0.23893,0.60113,0.038665,0.053637,0.43645,0.12666,0.90807,0.60128,0.63785,0.70336,0.18195,0.99746,0.69726,0.21478,0.56826,0.71089,0.3902,0.076299,0.58143,0.30112,0.49813,0.86156,0.64583,0.45381,0.79067,0.27351,0.64695,0.30175,0.68885,0.36891,0.2417,0.71224,0.11929,0.88196,0.061059,0.5752,0.76833,0.99637,0.83558,0.51106,0.53428,0.32463,0.8788,0.42049,0.82407,0.78152,0.44861,0.74913,0.90409,0.24748,0.36639,0.4508,0.97197,0.7939,0.85775,0.85665,0.79786,0.55675,0.79237,0.14479,0.65161,0.49814,0.8994,0.41427,0.29774,0.61298,0.65494,0.55968,0.32368,0.48252,0.60678,0.99895,0.46544,0.87857,0.77751,0.8399,0.72316,0.26316,0.27105,0.67371,0.21913,0.46995,0.3977,0.38022,0.85973,0.43087,0.11177,0.065239,0.86972,0.047764,0.50097,0.80059,0.26727
0.93026,0.26009,0.035885,0.52447,0.60819,0.78302,0.0761,0.37248,0.79117,0.342,0.69771,0.85802,0.55711,0.55677,0.18242,0.97335,0.46844,0.84176,0.58682,0.98901,0.99499,0.69305,0.65873,0.25141,0.44615,0.80083,0.92654,0.74105,0.50884,0.81568,0.75542,0.81976,0.16153,0.48202,0.011175,0.78566,0.24866,0.1208,0.32618,0.26801,0.35837,0.86809,0.31853,0.28226,0.56477,0.8228,0.83989,0.47816,0.23982,0.28073,0.078972,0.74805,0.30206,0.96035,0.51695,0.306,0.68289,0.95637,0.60684,0.18563,0.82514,0.049705,0.90196,0.96392,0.58353,0.42295,0.30207,0.71056,0.16091,0.047618,0.53229,0.22278,0.554,0.32032,0.83979,0.42646,0.81986,0.24701,0.36386,0.90378,0.17822,0.88132,0.39376,0.56033,0.6177,0.13457,0.4509,0.076515,0.85715,0.82399,0.65783,0.36927,0.18475,0.018109,0.18513,0.74546,0.22927,0.97142,0.53567,0.47797
0.13371,0.333,0.22749,0.84311,0.78373,0.88848,0.79532,0.37731,0.84555,0.13385,0.36556,0.18126,0.074386,0.35396,0.21776,0.72366,0.65435,0.59494,0.6299,0.422,0.8611,0.79655,0.85552,0.88155,0.93695,0.4051,0.90033,0.87499,0.8986,0.33873,0.97802,0.62026,0.33435,0.78979,0.22467,0.37217,0.94653,0.084031,0.80446,0.48617,0.41146,0.97417,0.82057,0.75706,0.66173,0.66367,0.054821,0.39164,0.41203,0.3014,0.31586,0.44598,0.60466,0.95419,0.11885,0.78558,0.48645,0.37646,0.23673,0.23939,0.37735,0.050858,0.63294,0.11923,0.1219,0.8902,0.49226,0.43275,0.61479,0.67891,0.75304,0.99522,0.51735,0.94326,0.86215,0.13556,0.20959,0.72512,0.94756,0.10311,0.85317,0.63592,0.58627,0.10754,0.6639,0.72017,0.054778,0.40795,0.2005,0.071419,0.52854,0.9472,0.66232,0.50654,0.67957,0.68875,0.56554,0.43514,0.17627,0.53577
0.7511,0.93916,0.26397,0.38861,0.79059,0.5449,0.2042,0.59712,0.33581,0.57146,0.59485,0.11139,0.43752,0.9,0.5959,0.58184,0.10659,0.98941,0.067742,0.37393,0.78252,0.027903,0.88599,0.88503,0.82141,0.61545,0.70936,0.54762,0.39389,0.78147,0.012928,0.91335,0.14383,0.10042,0.76121,0.62517,0.13474,0.018398,0.26459,0.42884,0.85896,0.20498,0.41608,0.034611,0.19466,0.95356,0.91608,0.61312,0.8054,0.16904,0.35928,0.4778,0.41707,0.57378,0.7216,0.64429,0.13192,0.35699,0.25004,0.91263,0.13317,0.69448,0.98955,0.2641,0.57974,0.3241,0.40043,0.94564,0.89548,0.22677,0.46586,0.15647,0.1835,0.65085,0.79431,0.63536,0.98895,0.21275,0.87498,0.16282,0.054219,0.055692,0.53547,0.39742,0.70562,0.24902,0.39295,0.47771,0.99975,0.2172,0.15374,0.64997,0.30082,0.95761,0.48446,0.020949,0.46179,0.75359,0.72828,0.81467
0.143,0.26908,0.012442,0.26977,0.28647,0.010698,0.12469,0.051538,0.55914,0.50932,0.6663,0.37469,0.10708,0.68743,0.47324,0.039469,0.56586,0.15024,0.039942,0.8094,0.83888,0.14657,0.51361,0.33707,0.93873,0.90241,0.75672,0.14795,0.061359,0.2278,0.31239,0.55907,0.8378,0.30329,0.4858,0.8811,0.27899,0.93369,0.15598,0.61727,0.18195,0.42465,0.09719,0.66142,0.15524,0.72521,0.26677,0.41489,0.8388,0.77106,0.60146,0.70126,0.84017,0.68679,0.060945,0.42887,0.25163,0.78493,0.096013,0.295,0.96756,0.23436,0.4673,0.95347,0.058625,0.17656,0.56084,0.62659,0.76067,0.45229,0.67381,0.82844,0.22184,0.90767,0.516,0.031727,0.84768,0.054892,0.58189,0.6091,0.52094,0.5758,0.87785,0.41072,0.88424,0.58988,0.20332,0.49285,0.54657,0.11024,0.91934,0.85444,0.46631,0.77474,0.75339,0.57275,0.79965,0.49208,0.27927,0.38462
0.19496,0.70622,0.74971,0.16067,0.76823,0.38836,0.46261,0.1905,0.59497,0.63031,0.5077,0.18431,0.22508,0.81913,0.73331,0.67386,0.28874,0.73297,0.97538,0.4725,0.97344,0.19337,0.92109,0.44323,0.071333,0.67567,0.89773,0.82123,0.39558,0.073895,0.016779,0.51285,0.075833,0.27305,0.38782,0.10338,0.89679,0.059094,0.80583,0.024298,0.59581,0.92225,0.88427,0.034295,0.79746,0.11754,0.90768,0.63041,0.24155,0.18167,0.31573,0.35412,0.73077,0.49491,0.18892,0.49422,0.40552,0.9051,0.24567,0.34613,0.02361,0.59715,0.41342,0.79678,0.78679,0.43519,0.91687,0.40454,0.61675,0.90793,0.79933,0.23276,0.93192,0.56544,0.55053,0.38157,0.86206,0.72263,0.41332,0.75143,0.38522,0.92006,0.0017783,0.74809,0.090502,0.089295,0.57455,0.87392,0.59144,0.43625,0.73342,0.84241,0.47059,0.84837,0.99411,0.64336,0.71835,0.25155,0.27666,0.24946
0.68916,0.16781,0.30149,0.51453,0.83942,0.15325,0.64432,0.055509,0.66151,0.21644,0.76097,0.63663,0.64358,0.0322,0.0012043,0.18946,0.91564,0.025714,0.5115,0.54923,0.45104,0.32533,0.72432,0.33045,0.73279,0.0075366,0.28504,0.67148,0.96264,0.51537,0.34578,0.58455,0.58255,0.71122,0.65681,0.16977,0.10365,0.89321,0.92078,0.20931,0.59859,0.47025,0.6395,0.14475,0.18045,0.70272,0.74941,0.36498,0.90405,0.62901,0.33005,0.24548,0.87314,0.7847,0.10007,0.80828,0.42785,0.76598,0.33204,0.18671,0.49971,0.47162,0.04279,0.11048,0.13563,0.67586,0.9125,0.40802,0.024004,0.99089,0.65448,0.43253,0.46026,0.16865,0.86095,0.4083,0.73124,0.88598,0.27968,0.5861,0.92022,0.93995,0.31456,0.2825,0.67423,0.4366,0.50903,0.17906,0.90963,0.99773,0.4373,0.57394,0.71109,0.86914,0.77831,0.42076,0.37619,0.09876,0.56121,0.95297
0.41836,0.33855,0.96257,0.62727,0.13872,0.35324,0.073856,0.0097227,0.18241,0.53027,0.86377,0.17747,0.43726,0.24195,0.010127,0.41292,0.070568,0.30244,0.77986,0.70613,0.33758,0.26434,0.77632,0.64113,0.51881,0.19154,0.15565,0.058747,0.38143,0.88555,0.5313,0.69126,0.663,0.8705,0.91962,0.18512,0.36963,0.83058,0.91476,0.93588,0.054362,0.61788,0.7044,0.33478,0.42126,0.69752,0.28124,0.58879,0.83739,0.014447,0.17731,0.86879,0.66912,0.37866,0.89355,0.82952,0.45024,0.11853,0.13025,0.94396,0.39294,0.55199,0.37102,0.45754,0.56696,0.72752,0.2551,0.29756,0.73167,0.42779,0.034676,0.83257,0.61372,0.53596,0.55299,0.60745,0.10507,0.93143,0.03353,0.57482,0.21922,0.24146,0.82086,0.18576,0.36268,0.4732,0.99583,0.27857,0.17309,0.60238,0.98489,0.63234,0.3507,0.86529,0.64704,0.49692,0.21808,0.13092,0.24811,0.38285
0.072792,0.86956,0.69472,0.69992,0.61654,0.57621,0.5458,0.87469,0.95698,0.67363,0.70738,0.74639,0.045758,0.60154,0.12851,0.049783,0.10697,0.80925,0.48398,0.34051,0.50517,0.096291,0.10835,0.75525,0.48034,0.69641,0.93873,0.61104,0.81932,0.2451,0.82581,0.95011,0.92529,0.58147,0.788,0.50584,0.019306,0.53388,0.59798,0.13001,0.89789,0.62632,0.92467,0.011067,0.61237,0.92795,0.13092,0.72005,0.7703,0.11861,0.56829,0.76136,0.46228,0.32588,0.66183,0.61274,0.1152,0.19675,0.79014,0.28559,0.38781,0.7413,0.99038,0.038606,0.21678,0.68064,0.030718,0.071272,0.43384,0.15982,0.37024,0.23865,0.75914,0.7443,0.70522,0.62819,0.88238,0.62045,0.85743,0.13497,0.31473,0.90973,0.95345,0.44819,0.36193,0.56694,0.017733,0.55744,0.11114,0.96775,0.67201,0.96746,0.24369,0.37632,0.67795,0.070917,0.10007,0.010257,0.16134,0.50788
0.18933,0.77022,0.30125,0.87703,0.85349,0.75714,0.40688,0.53853,0.77258,0.9761,0.48393,0.21084,0.27331,0.060147,0.29202,0.69473,0.050635,0.48285,0.95339,0.62193,0.48485,0.16899,0.63208,0.94447,0.84618,0.46175,0.2624,0.5938,0.87288,0.7799,0.99562,0.29733,0.67612,0.39053,0.29865,0.68799,0.90012,0.4928,0.81041,0.72244,0.78818,0.60484,0.24221,0.60044,0.97529,0.3637,0.73603,0.66075,0.99411,0.99955,0.48562,0.32654,0.64631,0.61167,0.2317,0.49951,0.18248,0.97384,0.07829,0.58203,0.14711,0.66635,0.30729,0.28657,0.57728,0.054501,0.037766,0.2982,0.10676,0.68521,0.31369,0.65694,0.23216,0.7254,0.85445,0.6028,0.16694,0.39677,0.20268,0.94423,0.79297,0.01154,0.066943,0.91592,0.25384,0.36931,0.15248,0.39386,0.31216,0.35568,0.222,0.59898,0.48746,0.30052,0.77166,0.90995,0.47908,0.33032,0.87175,0.59208
0.11865,0.33192,0.64397,0.84609,0.59173,0.61778,0.95323,0.48297,0.50469,0.50863,0.9912,0.20113,0.1442,0.75263,0.15306,0.30697,0.8687,0.24607,0.72802,0.57499,0.12679,0.67278,0.88681,0.57475,0.35573,0.32701,0.22141,0.74743,0.60046,0.33337,0.26657,0.83802,0.59682,0.90447,0.0046265,0.67909,0.85746,0.56441,0.37519,0.4773,0.054887,0.9695,0.729,0.92876,0.0077067,0.33867,0.30496,0.665,0.6177,0.92565,0.49014,0.33896,0.06362,0.42365,0.77285,0.20396,0.26075,0.62055,0.4686,0.72468,0.36533,0.14714,0.31017,0.60337,0.24227,0.74106,0.20176,0.052201,0.55284,0.59435,0.97443,0.0091424,0.89545,0.86168,0.55192,0.71193,0.50508,0.47921,0.49216,0.54863,0.82574,0.17548,0.28996,0.41268,0.64652,0.42031,0.26518,0.68587,0.053713,0.79071,0.37104,0.22563,0.16929,0.091559,0.97387,0.70341,0.98,0.022409,0.67967,0.41046
0.089435,0.093787,0.41215,0.4866,0.75277,0.21367,0.071966,0.67538,0.6963,0.90868,0.10061,0.21875,0.48086,0.75076,0.38126,0.13522,0.34657,0.65361,0.87173,0.17575,0.47775,0.7269,0.70149,0.13554,0.87799,0.045322,0.89592,0.50993,0.35189,0.8831,0.89529,0.54044,0.80093,0.80195,0.66847,0.95704,0.42193,0.35249,0.29598,0.59415,0.12542,0.53349,0.34737,0.24004,0.8742,0.1397,0.62102,0.97176,0.062886,0.95597,0.32423,0.33096,0.38079,0.33351,0.089355,0.048265,0.046157,0.85837,0.50936,0.76377,0.45324,0.53206,0.40879,0.090638,0.57676,0.38887,0.4586,0.66153,0.088795,0.93753,0.11495,0.035413,0.095627,0.70664,0.42817,0.49904,0.30008,0.69084,0.34728,0.7472,0.57497,0.82816,0.35714,0.82505,0.85562,0.81989,0.45536,0.64629,0.69377,0.26935,0.77108,0.069522,0.95494,0.96611,0.68669,0.075593,0.7592,0.79686,0.85691,0.73981
0.28345,0.95579,0.57132,0.75392,0.1915,0.8065,0.51054,0.21691,0.21692,0.053675,0.17818,0.16275,0.96983,0.43307,0.91396,0.31225,0.076766,0.96292,0.40454,0.24998,0.23323,0.48018,0.31284,0.10107,0.63134,0.74428,0.40659,0.15369,0.0035711,0.18779,0.98401,0.17047,0.13707,0.37022,0.75485,0.61144,0.26632,0.28386,0.621,0.35508,0.65101,0.38418,0.53823,0.99551,0.83861,0.61511,0.45269,0.042441,0.0090126,0.27125,0.053824,0.16944,0.7368,0.84564,0.069632,0.85127,0.41991,0.38211,0.44758,0.39916,0.3667,0.34046,0.54084,0.011932,0.1219,0.47253,0.10083,0.12198,0.21403,0.55788,0.052359,0.79227,0.041828,0.10737,0.24482,0.67488,0.056682,0.90179,0.56168,0.68839,0.40864,0.51085,0.64954,0.70533,0.64662,0.33215,0.25754,0.028633,0.74752,0.5125,0.025728,0.65562,0.319,0.62404,0.69999,0.26621,0.34118,0.56672,0.14752,0.46682
0.077235,0.39994,0.38973,0.97868,0.36418,0.66825,0.96598,0.52713,0.30345,0.40992,0.45182,0.31654,0.28962,0.77444,0.36766,0.69147,0.17381,0.17695,0.49441,0.27427,0.67041,0.37851,0.76913,0.79648,0.91458,0.40521,0.45305,0.42702,0.31604,0.35887,0.52797,0.11333,0.77818,0.69445,0.96181,0.34256,0.58286,0.80113,0.071875,0.43663,0.051945,0.65892,0.56161,0.61409,0.62767,0.81597,0.96802,0.4289,0.60646,0.3406,0.64146,0.66059,0.13847,0.87588,0.18425,0.33669,0.63289,0.9003,0.38446,0.87846,0.46049,0.29469,0.058333,0.079681,0.55783,0.56674,0.52903,0.66911,0.12524,0.3704,0.98873,0.2996,0.76689,0.4584,0.62328,0.41626,0.49976,0.81806,0.9624,0.039322,0.75738,0.28358,0.016172,0.33504,0.12819,0.014502,0.20946,0.97953,0.43532,0.17062,0.41022,0.27282,0.45187,0.67721,0.4386,0.2618,0.034128,0.5158,0.63495,0.24658
0.14443,0.51653,0.96288,0.34155,0.97037,0.13106,0.4362,0.21118,0.41001,0.6373,0.72193,0.56213,0.54368,0.94981,0.63195,0.93346,0.48507,0.94348,0.60029,0.029414,0.25915,0.31265,0.49415,0.96414,0.42638,0.21561,0.92488,0.85613,0.17017,0.77877,0.41992,0.53544,0.0023919,0.74458,0.2394,0.43622,0.9394,0.14024,0.61837,0.27954,0.039057,0.75948,0.84729,0.38314,0.43325,0.26889,0.21815,0.1007,0.47681,0.0090413,0.69592,0.27858,0.81086,0.58152,0.56409,0.7062,0.45013,0.061144,0.051932,0.56767,0.89923,0.70899,0.86784,0.85531,0.15307,0.71026,0.90942,0.18505,0.82705,0.90568,0.61213,0.84298,0.28409,0.97592,0.17342,0.03767,0.58025,0.066683,0.33644,0.4568,0.61711,0.0478,0.60449,0.44051,0.71236,0.50974,0.74142,0.63211,0.75294,0.59756,0.19844,0.7138,0.014929,0.37851,0.47012,0.46467,0.90395,0.91642,0.45185,0.82165
0.070609,0.92823,0.46429,0.55369,0.10956,0.65445,0.40635,0.07344,0.21049,0.20649,0.31269,0.30294,0.12041,0.46033,0.94391,0.7613,0.57855,0.49251,0.909,0.27652,0.98136,0.030225,0.58068,0.6674,0.32269,0.57823,0.37992,0.54012,0.05674,0.009515,0.46268,0.94643,0.85778,0.15727,0.0018589,0.23622,0.19847,0.029588,0.21616,0.1579,0.63298,0.62274,0.9568,0.922,0.77053,0.6179,0.83364,0.40025,0.14612,0.55813,0.30308,0.80214,0.74917,0.82656,0.35626,0.36074,0.0068317,0.67586,0.25696,0.59245,0.20013,0.56105,0.52995,0.82359,0.78283,0.12004,0.095309,0.83738,0.62648,0.32103,0.73462,0.46976,0.45049,0.44745,0.88202,0.3461,0.22805,0.24348,0.1462,0.82692,0.73742,0.082252,0.0096835,0.61697,0.98963,0.51282,0.40393,0.43339,0.16073,0.65361,0.27432,0.38429,0.94026,0.56617,0.93282,0.42861,0.52614,0.8324,0.77499,0.79511
0.40724,0.10083,0.59248,0.3794,0.85625,0.69504,0.014417,0.30525,0.028681,0.6118,0.05239,0.75309,0.72239,0.26986,0.27762,0.45519,0.054127,0.27788,0.33566,0.58689,0.44046,0.25998,0.67526,0.19303,0.061542,0.068071,0.85244,0.97978,0.28558,0.87072,0.77196,0.66908,0.061731,0.52468,0.085369,0.99332,0.28182,0.68019,0.95187,0.050383,0.32707,0.50593,0.74693,0.92383,0.061805,0.33712,0.30396,0.41272,0.41068,0.77207,0.91639,0.38311,0.91035,0.76168,0.77542,0.13239,0.13103,0.88962,0.40706,0.40097,0.50961,0.27834,0.15515,0.80553,0.57939,0.21743,0.32495,0.58481,0.41107,0.79348,0.63202,0.37944,0.05005,0.7363,0.35687,0.37751,0.45793,0.69483,0.41811,0.073884,0.93161,0.30687,0.76296,0.37832,0.71386,0.56221,0.062874,0.38158,0.52902,0.9773,0.86971,0.12149,0.25159,0.41492,0.45178,0.90683,0.37853,0.31925,0.85381,0.85758
0.60466,0.68254,0.53118,0.2134,0.38907,0.65175,0.19741,0.55327,0.32107,0.74372,0.56646,0.51774,0.55689,0.87234,0.85247,0.25378,0.29911,0.94004,0.92635,0.94252,0.11129,0.8465,0.37839,0.26546,0.83293,0.26981,0.54618,0.42698,0.45205,0.33821,0.4706,0.29414,0.36646,0.43213,0.50075,0.34788,0.71537,0.25408,0.60442,0.51054,0.6338,0.82918,0.73275,0.43238,0.39353,0.022266,0.31901,0.5752,0.70561,0.38018,0.12957,0.046931,0.55145,0.80571,0.54598,0.27045,0.54031,0.19515,0.88092,0.69551,0.61417,0.90577,0.96665,0.50698,0.24661,0.14167,0.012056,0.62801,0.2252,0.25799,0.71305,0.024966,0.037745,0.20117,0.51378,0.14143,0.29376,0.10197,0.61469,0.88185,0.38714,0.19588,0.7463,0.62146,0.48442,0.62352,0.68675,0.095312,0.56582,0.89998,0.75753,0.9892,0.00082089,0.3541,0.7889,0.66705,0.25155,0.061074,0.4001,0.14809
0.51079,0.012271,0.48076,0.59545,0.9327,0.88527,0.13688,0.28472,0.87302,0.82251,0.77188,0.88087,0.83324,0.55567,0.74917,0.8978,0.68735,0.90611,0.29193,0.87761,0.9977,0.7272,0.69673,0.35186,0.75922,0.35256,0.22842,0.27825,0.12255,0.2036,0.28747,0.8619,0.91569,0.34302,0.80568,0.8897,0.18662,0.43845,0.49984,0.90643,0.64015,0.65403,0.94667,0.28414,0.35615,0.072834,0.010026,0.40817,0.073107,0.0011521,0.84988,0.5709,0.28782,0.31298,0.43732,0.77783,0.1528,0.14541,0.0083336,0.36672,0.37354,0.035653,0.25217,0.95094,0.71994,0.71869,0.65486,0.27685,0.31184,0.081266,0.40546,0.69276,0.83195,0.78333,0.62476,0.71974,0.24251,0.31328,0.11601,0.67539,0.88329,0.45363,0.51143,0.83908,0.0042596,0.014507,0.77276,0.51022,0.64092,0.95394,0.84668,0.10364,0.74997,0.12686,0.02693,0.1456,0.47094,0.60295,0.61543,0.0094234
0.58241,0.73458,0.84566,0.073871,0.20751,0.87091,0.03899,0.68592,0.78508,0.84233,0.64568,0.037742,0.54965,0.55359,0.99736,0.88705,0.12944,0.46842,0.60121,0.97309,0.94826,0.79483,0.28528,0.16259,0.39541,0.6351,0.72836,0.50014,0.60005,0.22853,0.25516,0.68086,0.19745,0.22962,0.81145,0.20818,0.84601,0.42349,0.29421,0.3778,0.36628,0.77799,0.037901,0.49898,0.38392,0.4212,0.66211,0.61791,0.59595,0.51731,0.032496,0.84182,0.42478,0.40985,0.43802,0.56211,0.5063,0.093378,0.73831,0.3188,0.45428,0.70006,0.73037,0.33533,0.79443,0.64713,0.8961,0.75933,0.48539,0.081224,0.45892,0.13043,0.7158,0.70006,0.12975,0.17991,0.91493,0.090117,0.46017,0.97168,0.81725,0.55866,0.39037,0.70248,0.10933,0.7915,0.17892,0.88512,0.19857,0.64977,0.28038,0.69986,0.19297,0.57556,0.92269,0.7038,0.41673,0.70968,0.69499,0.1712
0.095254,0.91871,0.73406,0.98835,0.84569,0.58167,0.54538,0.8862,0.30332,0.85859,0.75026,0.22293,0.4763,0.97875,0.7619,0.15621,0.50215,0.50101,0.24412,0.75352,0.61771,0.44694,0.313,0.6092,0.77427,0.81621,0.08723,0.94246,0.73939,0.28749,0.69377,0.10834,0.32675,0.97728,0.27844,0.27416,0.8759,0.91293,0.95308,0.68106,0.76898,0.18677,0.37004,0.58487,0.83173,0.11868,0.94627,0.63681,0.58585,0.64343,0.53313,0.49698,0.23852,0.43556,0.35978,0.22298,0.60064,0.75885,0.053424,0.053807,0.27519,0.98681,0.22976,0.31733,0.12995,0.51197,0.10404,0.52118,0.21771,0.42489,0.10745,0.81116,0.63201,0.78177,0.50479,0.97841,0.031296,0.24812,0.43643,0.30983,0.33005,0.24932,0.57416,0.37918,0.15964,0.27863,0.58139,0.19418,0.37855,0.038856,0.88577,0.39483,0.32212,0.9758,0.83487,0.24747,0.63489,0.50969,0.11372,0.48174
0.98895,0.82827,0.56672,0.29248,0.53143,0.97776,0.0086286,0.42575,0.76898,0.29148,0.20818,0.85072,0.151,0.54192,0.95509,0.74804,0.72086,0.9261,0.035925,0.74467,0.36814,0.50226,0.97581,0.88145,0.026845,0.63984,0.64283,0.74336,0.18466,0.42149,0.64139,0.45877,0.88056,0.18883,0.38637,0.71773,0.47936,0.14084,0.069784,0.077629,0.080945,0.86608,0.40361,0.080652,0.89097,0.084324,0.41029,0.47236,0.95652,0.21297,0.020395,0.16893,0.56905,0.66434,0.19444,0.62803,0.73795,0.71049,0.59982,0.97918,0.57023,0.98907,0.74679,0.42736,0.29791,0.54816,0.90097,0.36978,0.25475,0.86253,0.48084,0.26482,0.17683,0.46806,0.5531,0.47569,0.23102,0.79571,0.064636,0.49129,0.28178,0.087435,0.84245,0.9383,0.22228,0.35809,0.59576,0.66603,0.97952,0.28447,0.68947,0.41436,0.6631,0.037447,0.89504,0.28223,0.42337,0.83306,0.52789,0.83403
0.9408,0.4111,0.22455,0.53318,0.98943,0.12906,0.43748,0.57777,0.7959,0.53594,0.9759,0.60074,0.6633,0.39825,0.49169,0.27093,0.36018,0.4556,0.38199,0.30888,0.99923,0.28246,0.081858,0.82757,0.71039,0.096929,0.42274,0.86894,0.86637,0.24432,0.18091,0.12182,0.7065,0.36814,0.038237,0.85383,0.15486,0.29814,0.63745,0.61512,0.41563,0.25524,0.14052,0.86538,0.72026,0.48771,0.90104,0.015103,0.38452,0.76801,0.39293,0.288,0.085532,0.70044,0.91636,0.0003767,0.077268,0.74453,0.063507,0.70856,0.55581,0.88955,0.91093,0.80727,0.49335,0.031212,0.64409,0.97665,0.40103,0.47054,0.92818,0.38931,0.64378,0.51824,0.53985,0.8995,0.40507,0.75117,0.86409,0.6852,0.62364,0.1235,0.3755,0.77315,0.48382,0.91056,0.31147,0.21168,0.40465,0.60533,0.61003,0.95389,0.58036,0.13324,0.05543,0.83089,0.12868,0.057815,0.41247,0.63462
0.345,0.82936,0.96066,0.94759,0.21242,0.25496,0.42173,0.92644,0.66249,0.17225,0.2297,0.76333,0.023934,0.54569,0.51842,0.047366,0.51809,0.30763,0.72823,0.66198,0.54474,0.31607,0.89977,0.19566,0.82117,0.93588,0.096094,0.18587,0.32589,0.86784,0.12558,0.52055,0.97117,0.86063,0.45736,0.89931,0.61167,0.86393,0.015028,0.14701,0.86385,0.14115,0.13895,0.45405,0.77007,0.45556,0.20043,0.89914,0.88424,0.83964,0.70877,0.89049,0.76616,0.67803,0.60307,0.52013,0.47295,0.71651,0.68738,0.64028,0.24339,0.62078,0.50402,0.45671,0.071662,0.081799,0.22144,0.33216,0.79869,0.86385,0.96755,0.23658,0.98225,0.95838,0.54009,0.48667,0.62324,0.61355,0.20218,0.74682,0.070572,0.18212,0.41064,0.016749,0.36573,0.44144,0.74731,0.99049,0.02315,0.71329,0.42508,0.99918,0.15925,0.020392,0.93275,0.78543,0.84477,0.28764,0.69634,0.015148
0.19567,0.42929,0.8586,0.94163,0.8012,0.072977,0.81815,0.25493,0.12165,0.9792,0.094094,0.96973,0.58753,0.56847,0.80962,0.28453,0.81651,0.85332,0.048453,0.70378,0.1164,0.097053,0.39491,0.18415,0.71127,0.021014,0.2394,0.49923,0.35211,0.84643,0.75812,0.81043,0.19852,0.034349,0.63139,0.43842,0.86639,0.17116,0.07571,0.68377,0.25438,0.88128,0.62512,0.5484,0.92311,0.84607,0.96378,0.99642,0.33025,0.90822,0.33094,0.032982,0.90478,0.42111,0.25239,0.63056,0.69705,0.77029,0.40492,0.92943,0.73396,0.14549,0.52638,0.58486,0.49215,0.16154,0.55903,0.71882,0.022611,0.77517,0.92951,0.66062,0.56485,0.16024,0.27814,0.56036,0.18004,0.73518,0.86837,0.20078,0.54585,0.38938,0.12192,0.4516,0.20139,0.4505,0.66686,0.65058,0.91508,0.53393,0.7848,0.47913,0.67177,0.40338,0.24768,0.69735,0.13415,0.99671,0.19161,0.41239
0.94038,0.6894,0.87209,0.54016,0.7168,0.057422,0.28648,0.21429,0.31794,0.54009,0.66811,0.51198,0.83043,0.28217,0.62329,0.66344,0.88949,0.64764,0.97458,0.79527,0.017242,0.95526,0.68059,0.49578,0.59759,0.67989,0.42117,0.31422,0.34696,0.71044,0.14941,0.24926,0.11836,0.98736,0.51728,0.6131,0.75883,0.82631,0.78653,0.67678,0.8292,0.54867,0.16282,0.40655,0.26907,0.48375,0.9161,0.60956,0.84619,0.51319,0.45274,0.065419,0.49688,0.44253,0.60723,0.42564,0.11432,0.27756,0.36911,0.3774,0.63951,0.71931,0.55987,0.51663,0.66929,0.61366,0.15841,0.25261,0.025578,0.33567,0.45225,0.87605,0.38925,0.66129,0.098753,0.85488,0.65506,0.31562,0.13263,0.98619,0.15872,0.87903,0.37789,0.60998,0.75924,0.47702,0.66058,0.10099,0.88318,0.72582,0.76046,0.15564,0.3558,0.18896,0.6035,0.46878,0.83199,0.98461,0.97513,0.88871
0.75708,0.13207,0.7915,0.98734,0.50503,0.4732,0.77209,0.5606,0.093187,0.90877,0.43484,0.73376,0.20209,0.77247,0.27018,0.94025,0.93047,0.96767,0.96163,0.81241,0.82315,0.99317,0.29093,0.22355,0.198,0.60171,0.90109,0.25863,0.17277,0.56481,0.35798,0.83773,0.81668,0.28778,0.83719,0.80716,0.045894,0.2395,0.41563,0.40586,0.44778,0.18538,0.42445,0.88289,0.51079,0.51012,0.88287,0.86504,0.46524,0.65735,0.28851,0.77168,0.50182,0.33144,0.17568,0.42208,0.90898,0.045829,0.55721,0.93097,0.70728,0.2147,0.35631,0.62884,0.55574,0.36916,0.51498,0.70295,0.92743,0.11264,0.18003,0.23818,0.12349,0.96072,0.73203,0.29125,0.9281,0.70652,0.52405,0.8614,0.39271,0.43889,0.73886,0.70585,0.10832,0.97069,0.41027,0.16384,0.082262,0.84012,0.29191,0.019974,0.7425,0.52016,0.3732,0.72417,0.43106,0.51495,0.12056,0.98396
0.60033,0.68532,0.20706,0.23166,0.36797,0.69278,0.92237,0.53452,0.91255,0.49467,0.35552,0.74414,0.50402,0.0068972,0.63529,0.64848,0.60866,0.1181,0.17576,0.79849,0.26987,0.17045,0.76935,0.74395,0.94774,0.40812,0.50398,0.65041,0.92555,0.79271,0.70528,0.90099,0.10582,0.83595,0.98869,0.54236,0.56146,0.4767,0.98086,0.61261,0.44976,0.39258,0.1659,0.099487,0.081443,0.28476,0.92105,0.31066,0.86633,0.56143,0.93359,0.95576,0.4909,0.6577,0.62097,0.73148,0.10131,0.13202,0.2831,0.9316,0.56752,0.82946,0.16894,0.48911,0.24871,0.80091,0.67714,0.45994,0.55074,0.32099,0.060739,0.95756,0.59736,0.27223,0.10815,0.89791,0.080218,0.29014,0.93729,0.47132,0.80999,0.52499,0.58606,0.6087,0.65149,0.40686,0.46433,0.20133,0.23838,0.58543,0.45531,0.51726,0.11405,0.85262,0.62829,0.47935,0.49399,0.99327,0.70947,0.010165
0.77507,0.076443,0.10125,0.79083,0.49203,0.35955,0.93506,0.83777,0.94643,0.64053,0.483,0.93786,0.37948,0.81508,0.068569,0.8283,0.76292,0.92854,0.48306,0.088154,0.98728,0.31947,0.89423,0.88461,0.61215,0.41636,0.22747,0.54426,0.86784,0.65067,0.85632,0.15802,0.23001,0.48638,0.52534,0.46079,0.08871,0.090253,0.24468,0.74036,0.049539,0.0071179,0.33347,0.58264,0.34056,0.546,0.60599,0.6317,0.011638,0.030652,0.059797,0.82606,0.93814,0.34624,0.72135,0.65388,0.74961,0.55551,0.64431,0.0098652,0.22183,0.14378,0.066907,0.21726,0.066837,0.6049,0.18163,0.30186,0.68884,0.96309,0.062436,0.051793,0.27171,0.4035,0.17116,0.41277,0.77083,0.71914,0.071555,0.0044965,0.98392,0.4111,0.82718,0.725,0.22665,0.12844,0.99203,0.095607,0.24401,0.29474,0.10896,0.047428,0.32025,0.28683,0.4061,0.043001,0.011243,0.14708,0.20206,0.8973
0.15509,0.19912,0.49146,0.72281,0.19907,0.84833,0.84616,0.60394,0.7987,0.50081,0.93346,0.38222,0.038124,0.92777,0.95538,0.48641,0.76929,0.85922,0.93263,0.92016,0.65156,0.90753,0.030555,0.31671,0.029068,0.51728,0.98256,0.7389,0.74061,0.86269,0.4031,0.83817,0.79539,0.12346,0.38885,0.9884,0.075672,0.92834,0.65497,0.52237,0.55248,0.21522,0.24404,0.30591,0.6704,0.41479,0.10906,0.37556,0.27118,0.029264,0.48541,0.52797,0.25649,0.20905,0.08605,0.57064,0.63508,0.5949,0.31775,0.43227,0.56754,0.20729,0.079808,0.50709,0.52215,0.79533,0.18235,0.56787,0.19763,0.67685,0.29393,0.8637,0.68082,0.96293,0.98213,0.47793,0.82945,0.50118,0.22956,0.096592,0.86152,0.84954,0.11275,0.65073,0.16718,0.53668,0.64251,0.34972,0.34541,0.11917,0.69345,0.45008,0.67468,0.60497,0.84282,0.0628,0.83101,0.25484,0.47074,0.063294
0.9177,0.72049,0.72888,0.4395,0.55414,0.08884,0.76627,0.44241,0.38317,0.83429,0.25803,0.89068,0.28243,0.47218,0.4663,0.88282,0.53871,0.95327,0.050112,0.11705,0.94322,0.13561,0.42607,0.2159,0.72489,0.07296,0.73033,0.26499,0.81631,0.73584,0.56346,0.4741,0.56336,0.70069,0.7795,0.92345,0.37964,0.52191,0.080744,0.88266,0.14465,0.75548,0.71822,0.75077,0.93764,0.9719,0.85596,0.58537,0.65043,0.27793,0.65582,0.76965,0.94499,0.7624,0.050783,0.67563,0.67829,0.33282,0.97038,0.3118,0.47126,0.57953,0.87299,0.098429,0.068721,0.4959,0.71119,0.63224,0.38142,0.95276,0.8782,0.054484,0.042251,0.42783,0.37723,0.82142,0.25106,0.2211,0.078117,0.08339,0.53417,0.53008,0.7099,0.23869,0.68596,0.11098,0.45685,0.65317,0.56569,0.63346,0.80378,0.82689,0.67615,0.6968,0.64997,0.60874,0.31759,0.57979,0.23695,0.22202
0.28885,0.91792,0.71341,0.30684,0.78153,0.24085,0.50062,0.34717,0.66742,0.54515,0.75921,0.72156,0.86959,0.10549,0.053612,0.23148,0.85244,0.9462,0.16865,0.48295,0.8172,0.34251,0.91148,0.55006,0.49151,0.56231,0.15408,0.12663,0.44124,0.56633,0.93361,0.67199,0.51441,0.027557,0.87327,0.73421,0.3641,0.83041,0.49535,0.68878,0.30072,0.091069,0.50352,0.75111,0.48544,0.6962,0.77735,0.67507,0.39687,0.93756,0.35712,0.27373,0.81438,0.21978,0.42633,0.53899,0.55892,0.95686,0.73197,0.05217,0.77712,0.77041,0.12324,0.82695,0.95957,0.86394,0.4684,0.81483,0.9812,0.32576,0.73778,0.30682,0.46451,0.39445,0.80155,0.94283,0.41765,0.75806,0.82013,0.35589,0.32243,0.48867,0.20478,0.70704,0.9632,0.91453,0.018862,0.8053,0.72717,0.05122,0.90161,0.77646,0.78219,0.2725,0.22106,0.46545,0.94932,0.87184,0.56531,0.48452
0.15367,0.6993,0.98579,0.56042,0.95793,0.29118,0.10374,0.18483,0.04432,0.91221,0.17837,0.92107,0.23857,0.092638,0.0289,0.55348,0.37966,0.18196,0.19656,0.90421,0.45374,0.48249,0.32539,0.27472,0.79767,0.056766,0.30092,0.31174,0.19356,0.62147,0.069467,0.33037,0.65247,0.085132,0.13526,0.85776,0.76006,0.98386,0.43355,0.44292,0.75729,0.90531,0.57627,0.1445,0.9913,0.81747,0.48638,0.40335,0.4492,0.84093,0.56639,0.51981,0.39082,0.55497,0.60846,0.40324,0.050714,0.81571,0.77474,0.70455,0.69292,0.28491,0.087822,0.73004,0.59755,0.84903,0.52255,0.5321,0.38727,0.6664,0.6941,0.37405,0.13798,0.22001,0.44882,0.87935,0.33294,0.85659,0.11802,0.70155,0.2862,0.30732,0.55018,0.72397,0.25362,0.0079791,0.00060468,0.27629,0.96807,0.6473,0.22251,0.096846,0.04922,0.93371,0.019277,0.79224,0.14336,0.29058,0.79117,0.4774
0.5894,0.94649,0.39256,0.74464,0.36526,0.55127,0.8249,0.1042,0.44016,0.69645,0.072823,0.33014,0.14208,0.25022,0.11711,0.40701,0.48656,0.6711,0.20908,0.1574,0.61468,0.47942,0.2433,0.8383,0.71835,0.0071256,0.69903,0.14433,0.16863,0.092685,0.7859,0.39606,0.75254,0.9642,0.35144,0.31326,0.1556,0.098421,0.50179,0.7458,0.20765,0.02941,0.79393,0.064373,0.96954,0.51987,0.10146,0.14102,0.5057,0.3883,0.56708,0.36949,0.74535,0.59523,0.033271,0.68355,0.43828,0.41089,0.38026,0.0055773,0.78401,0.85639,0.80382,0.82195,0.22089,0.35536,0.72315,0.69451,0.10235,0.15003,0.39053,0.83764,0.026629,0.16354,0.79458,0.32904,0.72106,0.50224,0.32015,0.40348,0.069287,0.003827,0.97899,0.35454,0.80045,0.63109,0.40446,0.17178,0.49253,0.49094,0.67007,0.57083,0.30513,0.50278,0.86854,0.38697,0.61488,0.59885,0.17985,0.23589
0.9137,0.67238,0.31671,0.88496,0.64931,0.51619,0.90756,0.88653,0.7519,0.99016,0.87951,0.78868,0.87224,0.72297,0.083796,0.81014,0.064854,0.85321,0.68401,0.55036,0.49772,0.38211,0.99657,0.22221,0.38471,0.42148,0.25295,0.72228,0.54778,0.92951,0.40823,0.46851,0.75261,0.80737,0.75391,0.34082,0.5885,0.75974,0.81774,0.48967,0.021225,0.12742,0.66487,0.62676,0.14058,0.24466,0.63276,0.19426,0.8052,0.63429,0.34315,0.84611,0.53682,0.77262,0.95751,0.55761,0.41019,0.44704,0.050457,0.18499,0.98096,0.26434,0.031072,0.11133,0.86846,0.074372,0.16564,0.34994,0.10659,0.38804,0.93624,0.39667,0.87554,0.29162,0.18307,0.54405,0.72448,0.87543,0.58733,0.73441,0.17928,0.12308,0.52699,0.61736,0.080104,0.9645,0.86907,0.28373,0.51505,0.6807,0.6914,0.23672,0.84897,0.86238,0.25098,0.7578,0.30608,0.99547,0.87766,0.79655
0.68051,0.37547,0.27514,0.59152,0.032381,0.22383,0.093451,0.33331,0.5909,0.27088,0.55701,0.79382,0.6701,0.51757,0.78468,0.71352,0.0066299,0.021368,0.89759,0.86077,0.29719,0.45327,0.3284,0.48534,0.65695,0.18641,0.73098,0.2906,0.94904,0.7892,0.34343,0.10163,0.94124,0.52937,0.23861,0.90763,0.83196,0.73191,0.75849,0.38867,0.50454,0.52853,0.96029,0.05233,0.4213,0.75571,0.25017,0.67564,0.79378,0.99564,0.72125,0.97211,0.1286,0.81658,0.35654,0.90706,0.14536,0.26019,0.83737,0.70015,0.52324,0.01719,0.15505,0.495,0.63786,0.05019,0.96864,0.93816,0.49425,0.53143,0.61668,0.024005,0.60207,0.019538,0.04978,0.13281,0.6141,0.3005,0.17425,0.030769,0.055075,0.92198,0.3324,0.70663,0.06685,0.23123,0.57086,0.64224,0.84277,0.20541,0.05042,0.3467,0.22853,0.72437,0.98823,0.38605,0.51014,0.99877,0.029889,0.38686
0.43028,0.55807,0.57474,0.51346,0.5202,0.35883,0.79002,0.56937,0.10139,0.85071,0.67568,0.44746,0.99745,0.2467,0.67453,0.30701,0.91154,0.040232,0.7495,0.76921,0.676,0.36196,0.49483,0.84745,0.27244,0.31095,0.2079,0.85968,0.88105,0.10522,0.26412,0.24926,0.44437,0.45497,0.96306,0.76946,0.59758,0.13756,0.51819,0.87706,0.12931,0.024087,0.16993,0.25203,0.4108,0.82302,0.16265,0.88464,0.16179,0.2463,0.81828,0.71993,0.16951,0.25063,0.20436,0.60004,0.24242,0.088743,0.2252,0.21966,0.22955,0.96261,0.27668,0.95447,0.90747,0.73059,0.45293,0.080239,0.84111,0.40382,0.56935,0.63671,0.047776,0.037508,0.76386,0.59244,0.8862,0.37482,0.17616,0.84644,0.082043,0.052158,0.66929,0.40571,0.38712,0.30999,0.02272,0.24469,0.00099219,0.86686,0.533,0.54395,0.55976,0.43284,0.13397,0.13251,0.99045,0.11757,0.47589,0.45328
0.73936,0.21057,0.15314,0.51206,0.55315,0.97229,0.025512,0.56027,0.53074,0.54888,0.41305,0.47444,0.90822,0.3877,0.59678,0.9506,0.020883,0.26321,0.36622,0.46766,0.88506,0.96403,0.57777,0.61825,0.53223,0.094008,0.93949,0.59774,0.38678,0.5634,0.93569,0.069909,0.43206,0.96652,0.55805,0.2145,0.18414,0.29875,0.92934,0.79924,0.35157,0.013987,0.42863,0.067272,0.19779,0.065777,0.95634,0.6546,0.18738,0.57411,0.77112,0.7804,0.82399,0.83015,0.74369,0.87752,0.87649,0.94911,0.68683,0.11015,0.62181,0.75019,0.16888,0.2279,0.48308,0.82193,0.77638,0.34887,0.7745,0.47061,0.034028,0.81985,0.76448,0.46064,0.57907,0.71286,0.096725,0.27687,0.72643,0.90158,0.30244,0.25297,0.80159,0.06786,0.14708,0.80701,0.57721,0.5036,0.26536,0.97572,0.69638,0.21803,0.42786,0.55401,0.21108,0.76702,0.11655,0.1431,0.30926,0.33753
0.066049,0.43621,0.1166,0.16446,0.25285,0.28364,0.19714,0.54031,0.85746,0.89789,0.94799,0.15457,0.74984,0.72329,0.54704,0.21247,0.078369,0.9234,0.29925,0.11717,0.41834,0.62563,0.79447,0.12681,0.25016,0.94326,0.98217,0.24645,0.12888,0.85408,0.61223,0.54168,0.27019,0.88157,0.76107,0.24877,0.72844,0.34352,0.54445,0.80581,0.11673,0.38211,0.28263,0.07179,0.33121,0.6677,0.049671,0.52061,0.47677,0.07836,0.49575,0.59225,0.47986,0.66012,0.32327,0.14261,0.77331,0.49842,0.72577,0.93103,0.116,0.16096,0.83648,0.54688,0.64787,0.37688,0.46277,0.96801,0.037076,0.93208,0.61254,0.71304,0.75758,0.25931,0.33687,0.71394,0.60565,0.74897,0.34371,0.8675,0.76727,0.42889,0.9606,0.16166,0.44488,0.29402,0.76037,0.48623,0.76837,0.1362,0.90044,0.21872,0.58427,0.75872,0.20912,0.036435,0.3216,0.12894,0.33359,0.43299
0.67388,0.03839,0.51536,0.35503,0.6145,0.063746,0.44088,0.35968,0.48754,0.60117,0.62245,0.34932,0.3175,0.50485,0.18039,0.35878,0.82783,0.78619,0.85175,0.29442,0.32819,0.32548,0.99606,0.68939,0.021291,0.29687,0.84001,0.34639,0.1351,0.42466,0.66925,0.20841,0.81291,0.29469,0.81688,0.15121,0.95751,0.16042,0.86566,0.89794,0.60342,0.91062,0.964,0.58895,0.34297,0.71633,0.52611,0.9557,0.98261,0.4302,0.62611,0.42684,0.56785,0.35723,0.01296,0.63876,0.15096,0.2076,0.39381,0.26557,0.3358,0.57061,0.77689,0.044527,0.46803,0.97181,0.069922,0.89065,0.61979,0.54576,0.15187,0.56826,0.99767,0.064173,0.094437,0.22542,0.30839,0.92762,0.64304,0.38966,0.55437,0.4621,0.026125,0.075097,0.75615,0.013992,0.51587,0.59106,0.34242,0.033573,0.53276,0.38473,0.53682,0.15254,0.70625,0.65543,0.89536,0.16045,0.016401,0.020242
0.0080861,0.96685,0.052222,0.47305,0.90781,0.74725,0.64805,0.69771,0.32719,0.18768,0.88291,0.31913,0.26497,0.38819,0.40974,0.4214,0.45854,0.75987,0.12282,0.4795,0.32493,0.36479,0.82538,0.45649,0.98497,0.4223,0.36441,0.75569,0.8756,0.99168,0.72691,0.67577,0.97835,0.39755,0.1368,0.30499,0.67851,0.25564,0.83636,0.9099,0.041907,0.74582,0.29488,0.95935,0.69911,0.79572,0.82274,0.17219,0.77022,0.80261,0.88043,0.43786,0.52143,0.74458,0.028559,0.60199,0.1609,0.96038,0.45776,0.64244,0.44244,0.73567,0.34041,0.44671,0.44926,0.30963,0.18025,0.076405,0.57207,0.018364,0.43556,0.31585,0.65304,0.9559,0.4291,0.88115,0.77542,0.53752,0.56752,0.93986,0.69726,0.71072,0.68287,0.7196,0.12252,0.16963,0.94941,0.50198,0.52855,0.79222,0.61185,0.83146,0.3366,0.3286,0.44888,0.70553,0.76618,0.67826,0.26813,0.13187
0.067395,0.43921,0.29552,0.089428,0.51416,0.29141,0.80683,0.58755,0.75062,0.61464,0.6006,0.8319,0.21217,0.90628,0.14292,0.47896,0.0073664,0.49573,0.073096,0.51227,0.23678,0.97127,0.27832,0.58627,0.57898,0.44205,0.8761,0.32717,0.49343,0.83238,0.19391,0.81978,0.68224,0.38052,0.56275,0.81677,0.3997,0.8502,0.51582,0.34463,0.97863,0.45307,0.3779,0.46714,0.28545,0.11508,0.010803,0.59521,0.196,0.48301,0.9587,0.16655,0.52839,0.62616,0.46342,0.52142,0.43726,0.052107,0.19577,0.90649,0.20423,0.89092,0.44693,0.77975,0.18892,0.89961,0.98514,0.47132,0.43745,0.7796,0.23972,0.39018,0.35796,0.28739,0.32822,0.56758,0.40482,0.47243,0.1126,0.92056,0.62235,0.70328,0.6414,0.31232,0.41169,0.95406,0.057605,0.81664,0.11674,0.68328,0.16694,0.59036,0.13038,0.20403,0.57036,0.60311,0.19341,0.60083,0.60944,0.32464
0.71164,0.33201,0.88229,0.043954,0.30709,0.96308,0.69379,0.67684,0.23488,0.95459,0.65114,0.54754,0.46998,0.90495,0.16747,0.17396,0.60701,0.17089,0.48892,0.31852,0.31222,0.79158,0.8397,0.18998,0.72732,0.76848,0.33697,0.18211,0.21197,0.20921,0.602,0.87545,0.66735,0.10102,0.00098409,0.76661,0.18229,0.76303,0.1967,0.24587,0.49814,0.9124,0.94782,0.34134,0.54835,0.96291,0.53747,0.56202,0.55118,0.90962,0.5921,0.7184,0.12074,0.33615,0.13309,0.1758,0.13881,0.28982,0.47844,0.53591,0.54125,0.23122,0.34532,0.53005,0.7979,0.41068,0.48381,0.23097,0.53085,0.78334,0.31852,0.017987,0.10126,0.42198,0.23663,0.57672,0.68979,0.54699,0.72732,0.99874,0.19117,0.47749,0.017299,0.70613,0.51325,0.43519,0.89362,0.77806,0.15124,0.80574,0.5678,0.15478,0.40297,0.75966,0.57526,0.71751,0.49034,0.73834,0.99791,0.39057
0.7864,0.64405,0.75775,0.28497,0.26699,0.018929,0.87655,0.54121,0.2202,0.8868,0.83921,0.33548,0.50969,0.16422,0.064905,0.48445,0.68079,0.97563,0.67645,0.62825,0.63055,0.81999,0.88488,0.10768,0.81068,0.21299,0.20456,0.73099,0.18806,0.49587,0.34182,0.33476,0.47629,0.78845,0.35103,0.022342,0.24048,0.98853,0.96659,0.13598,0.54908,0.83435,0.306,0.26798,0.13325,0.5741,0.64085,0.47468,0.59505,0.11924,0.4407,0.20967,0.20312,0.084989,0.00040118,0.93551,0.063583,0.87637,0.22823,0.61315,0.8709,0.42993,0.85596,0.97535,0.50757,0.7405,0.85655,0.31542,0.69921,0.31391,0.8372,0.097376,0.34804,0.91202,0.22273,0.92629,0.32729,0.32669,0.47016,0.55944,0.62531,0.88133,0.41889,0.83452,0.23925,0.21188,0.7114,0.57189,0.48946,0.10018,0.60117,0.54619,0.016905,0.051501,0.064409,0.15966,0.38893,0.29034,0.20508,0.24264
0.30171,0.93552,0.27431,0.65323,0.86971,0.41598,0.84612,0.79689,0.72599,0.46518,0.15924,0.24637,0.21304,0.70508,0.069533,0.17477,0.084344,0.25922,0.41275,0.29129,0.87242,0.56619,0.38962,0.33102,0.43574,0.81498,0.39527,0.30031,0.5042,0.77267,0.56124,0.80302,0.92162,0.48514,0.38262,0.48248,0.48475,0.38635,0.20633,0.49625,0.0076839,0.25737,0.53531,0.91171,0.56993,0.31267,0.93138,0.46364,0.63277,0.82764,0.57697,0.30473,0.96035,0.69632,0.35083,0.35441,0.97808,0.9561,0.075309,0.48626,0.97616,0.57745,0.25272,0.63269,0.65642,0.58833,0.11987,0.45646,0.50168,0.90698,0.68369,0.41004,0.82848,0.6825,0.93926,0.44864,0.75972,0.5268,0.97854,0.79602,0.13187,0.37465,0.48192,0.68503,0.87986,0.41672,0.33833,0.99161,0.39673,0.60488,0.051615,0.68534,0.17032,0.058699,0.97701,0.70393,0.41722,0.8549,0.1323,0.024296
0.5772,0.057965,0.69437,0.52883,0.2518,0.9512,0.30174,0.1985,0.65608,0.29852,0.85548,0.62384,0.21014,0.84459,0.87239,0.27539,0.70715,0.8821,0.3197,0.95572,0.027779,0.27061,0.30392,0.71545,0.10247,0.45032,0.81357,0.050866,0.36519,0.20441,0.32274,0.21428,0.75629,0.62926,0.35905,0.24163,0.49784,0.63431,0.45071,0.84493,0.80754,0.77425,0.082321,0.025407,0.88206,0.34557,0.16337,0.96447,0.39855,0.13983,0.16939,0.21222,0.9313,0.78352,0.11501,0.68412,0.20295,0.93961,0.37625,0.79187,0.54355,0.045434,0.29259,0.42282,0.80801,0.030471,0.62164,0.37803,0.78054,0.97825,0.73112,0.14524,0.17043,0.069456,0.90158,0.80899,0.13664,0.25847,0.80532,0.53241,0.75362,0.66786,0.29137,0.82726,0.69202,0.94849,0.13811,0.25285,0.65668,0.34207,0.9543,0.080594,0.60649,0.29242,0.71172,0.98641,0.23971,0.28763,0.40747,0.9353
0.27981,0.91519,0.89621,0.9752,0.14087,0.84702,0.96336,0.79177,0.51214,0.29125,0.75373,0.46907,0.60017,0.55304,0.8772,0.5238,0.69526,0.81172,0.10768,0.759,0.50668,0.14993,0.46404,0.55447,0.59342,0.54265,0.84874,0.96518,0.65886,0.026327,0.48624,0.97509,0.28385,0.17039,0.98271,0.53908,0.2429,0.57965,0.1523,0.23784,0.77225,0.087067,0.29945,0.30692,0.32962,0.98446,0.89699,0.24234,0.33952,0.29782,0.81465,0.071097,0.9986,0.53065,0.80577,0.19721,0.75681,0.92653,0.8117,0.23587,0.13414,0.59734,0.093792,0.12136,0.33875,0.13188,0.47119,0.61257,0.69927,0.99273,0.099187,0.22696,0.77503,0.73179,0.24046,0.8541,0.15946,0.90906,0.6842,0.23131,0.16044,0.48275,0.16417,0.035158,0.57411,0.14671,0.51873,0.091268,0.25851,0.76316,0.17049,0.42265,0.044655,0.32703,0.15437,0.095532,0.2422,0.38032,0.49449,0.75657
0.17318,0.83426,0.24062,0.73797,0.19588,0.89096,0.89241,0.56172,0.40669,0.39767,0.73597,0.069672,0.1187,0.89454,0.22381,0.35038,0.51035,0.67327,0.46917,0.27854,0.96392,0.17613,0.21657,0.77798,0.25112,0.042615,0.86773,0.68664,0.83161,0.044616,0.51909,0.39167,0.50104,0.65827,0.072464,0.50679,0.23575,0.52104,0.45423,0.32479,0.078198,0.27093,0.86877,0.84815,0.18386,0.13837,0.98175,0.055553,0.60088,0.17563,0.036547,0.031751,0.59117,0.31108,0.60909,0.35592,0.36423,0.26194,0.85718,0.24611,0.60375,0.90703,0.55606,0.61366,0.36201,0.75746,0.60417,0.072502,0.8443,0.20419,0.14563,0.064076,0.72326,0.04583,0.24801,0.072588,0.44339,0.80433,0.36926,0.17023,0.094499,0.8844,0.29537,0.65065,0.79898,0.19694,0.45658,0.54324,0.79395,0.76182,0.54403,0.81835,0.30098,0.16983,0.69141,0.76499,0.15275,0.46932,0.82419,0.16493
0.81841,0.063857,0.018585,0.51317,0.14726,0.51391,0.76381,0.022692,0.98202,0.77542,0.9095,0.37653,0.52742,0.043884,0.997,0.34337,0.77226,0.36658,0.62974,0.17459,0.3884,0.47311,0.079996,0.52855,0.32249,0.28415,0.068262,0.2519,0.31234,0.80158,0.9126,0.87056,0.44305,0.48586,0.4829,0.37615,0.87167,0.94694,0.18962,0.56832,0.0382,0.39296,0.8449,0.99555,0.68513,0.55875,0.75617,0.7806,0.03752,0.19402,0.21274,0.36086,0.13772,0.55854,0.49732,0.57885,0.79171,0.47836,0.89523,0.036364,0.89839,0.2178,0.3098,0.93349,0.064312,0.39514,0.59345,0.37259,0.53303,0.12931,0.28613,0.31769,0.8507,0.47301,0.091224,0.59973,0.52575,0.5689,0.24356,0.41659,0.012273,0.39582,0.85191,0.39608,0.65985,0.66405,0.27648,0.49408,0.96644,0.68527,0.59822,0.35278,0.20878,0.55054,0.93699,0.92399,0.77455,0.49171,0.3148,0.10516
0.65659,0.49101,0.69984,0.55404,0.53155,0.52398,0.0076342,0.54403,0.34897,0.16265,0.59359,0.91553,0.30125,0.12724,0.13608,0.85495,0.83131,0.9385,0.71721,0.91252,0.86761,0.36094,0.54178,0.034008,0.94436,0.19765,0.042085,0.12368,0.0049031,0.9186,0.40285,0.14919,0.50523,0.64534,0.69045,0.97638,0.28107,0.85001,0.13451,0.92334,0.14442,0.97644,0.80278,0.53269,0.50073,0.35231,0.57633,0.14305,0.53118,0.73532,0.54469,0.91134,0.96789,0.60247,0.81333,0.52655,0.9006,0.39381,0.99559,0.15094,0.98354,0.91167,0.86499,0.26023,0.5719,0.16795,0.59403,0.098609,0.6368,0.024993,0.90046,0.87485,0.47556,0.60369,0.41219,0.86518,0.24047,0.66475,0.6487,0.028647,0.6862,0.88465,0.15057,0.79058,0.97311,0.88444,0.31336,0.89889,0.091593,0.044801,0.71927,0.37404,0.52221,0.16824,0.054738,0.005254,0.23821,0.72707,0.91646,0.6597
0.22572,0.55682,0.97195,0.28755,0.95661,0.34896,0.84605,0.72315,0.0061933,0.071401,0.74891,0.99242,0.91244,0.40867,0.0038219,0.15312,0.14533,0.20962,0.2854,0.56529,0.012363,0.90982,0.8352,0.13254,0.91832,0.44168,0.75471,0.43034,0.34655,0.19959,0.18371,0.84547,0.81505,0.82462,0.88161,0.080185,0.73873,0.35378,0.14608,0.53771,0.5036,0.27784,0.1861,0.35509,0.0059753,0.031337,0.49189,0.096552,0.12835,0.37506,0.38225,0.10754,0.42723,0.24659,0.8641,0.74215,0.1737,0.29359,0.91848,0.78516,0.86995,0.37214,0.80225,0.97988,0.60134,0.91959,0.70543,0.4676,0.65606,0.34215,0.49757,0.57936,0.83315,0.52965,0.43543,0.97773,0.21927,0.62169,0.30831,0.40961,0.19357,0.95915,0.64186,0.12999,0.35953,0.99926,0.23879,0.192,0.22827,0.8665,0.18619,0.58939,0.1677,0.76467,0.56049,0.69867,0.70565,0.28096,0.63229,0.71611
0.90609,0.30982,0.04066,0.68122,0.81711,0.61737,0.36272,0.94397,0.24222,0.96438,0.87155,0.60455,0.67399,0.037162,0.029222,0.14742,0.50559,0.64582,0.42699,0.661,0.2713,0.62523,0.026149,0.59732,0.27691,0.47566,0.035965,0.22069,0.90446,0.21554,0.71168,0.35387,0.72639,0.21689,0.5412,0.71539,0.053058,0.28512,0.31231,0.87458,0.57103,0.57088,0.023871,0.082377,0.73156,0.49305,0.48612,0.33367,0.78768,0.068037,0.017228,0.14737,0.66459,0.28119,0.67974,0.7074,0.75513,0.73234,0.5487,0.049505,0.44083,0.26613,0.11744,0.62971,0.92482,0.6095,0.23199,0.93166,0.061407,0.71954,0.68207,0.79937,0.053447,0.11903,0.95804,0.16584,0.60653,0.014662,0.2594,0.024889,0.93095,0.7123,0.27054,0.80136,0.14652,0.072156,0.0048214,0.64799,0.90442,0.68564,0.68734,0.063048,0.2057,0.35554,0.98647,0.43101,0.23936,0.71998,0.7341,0.16023
0.974,0.92013,0.028504,0.10893,0.26645,0.46252,0.91316,0.549,0.1129,0.45623,0.41916,0.4346,0.34445,0.94525,0.59626,0.21111,0.77409,0.39334,0.70008,0.47084,0.12692,0.36873,0.58317,0.24162,0.61725,0.89171,0.86963,0.98131,0.64407,0.51953,0.20287,0.53424,0.22104,0.21113,0.16355,0.8078,0.2837,0.92024,0.8646,0.70188,0.87929,0.33317,0.77936,0.87784,0.038359,0.41436,0.46779,0.93976,0.15598,0.733,0.99134,0.025203,0.18151,0.55029,0.87443,0.72654,0.17978,0.98766,0.21479,0.82366,0.30169,0.26644,0.83711,0.85225,0.49835,0.88458,0.53258,0.95345,0.26445,0.070518,0.29244,0.25944,0.98196,0.9989,0.91869,0.44353,0.25388,0.77012,0.97157,0.74778,0.4458,0.90464,0.19519,0.81463,0.46949,0.03194,0.8551,0.22885,0.92414,0.62224,0.92755,0.42053,0.30082,0.73305,0.53707,0.4366,0.70534,0.51917,0.34702,0.50874
0.61789,0.88578,0.71975,0.10546,0.87193,0.94482,0.87277,0.58614,0.73022,0.16942,0.38468,0.063773,0.59405,0.17058,0.53173,0.45911,0.1865,0.46546,0.15949,0.21255,0.034752,0.12778,0.54363,0.052602,0.046695,0.43914,0.28565,0.86696,0.32371,0.090363,0.0082005,0.56873,0.309,0.88373,0.75531,0.21504,0.72335,0.818,0.017321,0.064965,0.73682,0.99903,0.3304,0.44736,0.58435,0.73161,0.72136,0.22823,0.049968,0.66693,0.91012,0.04976,0.27787,0.083712,0.74795,0.48601,0.32611,0.30531,0.33041,0.37567,0.11922,0.91712,0.39861,0.74425,0.3018,0.10556,0.36755,0.098298,0.50464,0.037179,0.83877,0.67627,0.25573,0.94754,0.92593,0.50362,0.27556,0.88908,0.64264,0.39135,0.10807,0.95587,0.24783,0.52404,0.10405,0.34832,0.7972,0.68762,0.61404,0.94805,0.40696,0.77322,0.95838,0.3603,0.71589,0.53485,0.20399,0.57177,0.93459,0.54376
0.82642,0.58623,0.98368,0.72114,0.69047,0.28781,0.77454,0.74118,0.12232,0.85769,0.7678,0.84009,0.50045,0.097826,0.19089,0.1023,0.21303,0.57077,0.57722,0.6209,0.14457,0.91695,0.96031,0.21264,0.24067,0.93231,0.19813,0.98374,0.86792,0.58655,0.54947,0.22576,0.7867,0.093199,0.05471,0.39219,0.16619,0.1563,0.26955,0.82694,0.63157,0.059181,0.95336,0.16239,0.018366,0.31338,0.020414,0.80479,0.11679,0.13407,0.16384,0.91997,0.61456,0.99619,0.64768,0.65471,0.3127,0.056291,0.20051,0.80491,0.41519,0.42517,0.95559,0.79683,0.82794,0.45375,0.41173,0.28925,0.13435,0.48498,0.515,0.97354,0.59193,0.89406,0.25749,0.18986,0.9911,0.73392,0.56445,0.25556,0.67181,0.58449,0.9092,0.11755,0.13882,0.78351,0.31788,0.82086,0.15664,0.85942,0.51223,0.50006,0.28032,0.13012,0.083473,0.64144,0.90436,0.26972,0.20022,0.30477
0.9188,0.3531,0.43235,0.56393,0.61839,0.48714,0.17385,0.22991,0.67177,0.29701,0.86138,0.46894,0.26896,0.64866,0.41198,0.21184,0.80342,0.8683,0.54416,0.25213,0.84114,0.26841,0.13613,0.61594,0.49972,0.63201,0.71619,0.10413,0.39952,0.44336,0.36429,0.16073,0.90151,0.33457,0.623,0.19167,0.91716,0.049846,0.65699,0.71473,0.45666,0.4851,0.87278,0.59648,0.62511,0.24959,0.14552,0.183,0.44422,0.2721,0.53298,0.0033976,0.73582,0.60297,0.44922,0.43476,0.60863,0.66159,0.34942,0.30509,0.25471,0.82225,0.63209,0.50793,0.082751,0.37509,0.19533,0.5608,0.20768,0.97,0.22124,0.35188,0.48274,0.26688,0.16819,0.58482,0.5756,0.8453,0.13545,0.15179,0.77007,0.96284,0.65552,0.92425,0.5945,0.37922,0.8816,0.21998,0.24783,0.93269,0.33742,0.64324,0.029245,0.60847,0.62135,0.6664,0.53397,0.12526,0.28691,0.43837
0.79572,0.24945,0.98391,0.03401,0.67161,0.40079,0.84619,0.89357,0.24962,0.10264,0.40486,0.031877,0.13147,0.9758,0.37491,0.27311,0.16949,0.099821,0.72359,0.68244,0.90682,0.72597,0.73944,0.90114,0.65748,0.79923,0.49876,0.1222,0.36996,0.59274,0.50717,0.15048,0.3626,0.82478,0.71523,0.56048,0.14796,0.89917,0.91662,0.6684,0.31242,0.88608,0.19796,0.71466,0.78599,0.88955,0.68125,0.34168,0.62113,0.43262,0.29757,0.17336,0.30099,0.77429,0.8602,0.72873,0.54186,0.87692,0.3267,0.64724,0.85753,0.48813,0.46288,0.51174,0.28539,0.71816,0.059566,0.83696,0.87081,0.81776,0.11207,0.38016,0.52095,0.19557,0.30379,0.51008,0.66785,0.65094,0.19954,0.14055,0.17255,0.3252,0.472,0.99804,0.85151,0.71639,0.46028,0.36869,0.28836,0.80523,0.38076,0.60723,0.07613,0.38548,0.20057,0.12834,0.52875,0.20604,0.54251,0.82991
0.96543,0.71084,0.01209,0.33008,0.044534,0.13647,0.60961,0.43898,0.55646,0.18779,0.92236,0.80426,0.51741,0.75724,0.94823,0.31994,0.27026,0.43483,0.54116,0.16854,0.54031,0.21015,0.40363,0.59721,0.10452,0.9755,0.18922,0.37163,0.53277,0.72246,0.20654,0.44735,0.12785,0.94089,0.20342,0.23345,0.456,0.050588,0.77571,0.94473,0.51132,0.16849,0.65354,0.50803,0.21237,0.39855,0.55154,0.24107,0.505,0.19545,0.067205,0.45302,0.28675,0.65932,0.85449,0.017929,0.53483,0.53886,0.21671,0.38618,0.80513,0.1121,0.787,0.43201,0.56644,0.24385,0.8849,0.29273,0.30141,0.51057,0.211,0.86555,0.6895,0.9626,0.95336,0.62338,0.82881,0.40737,0.049853,0.78952,0.428,0.84371,0.25183,0.89361,0.51705,0.72951,0.58814,0.074647,0.9307,0.31219,0.7872,0.60412,0.33588,0.47542,0.96063,0.57855,0.45443,0.85168,0.76635,0.54865
0.39791,0.35804,0.41183,0.84523,0.96167,0.22356,0.037122,0.44096,0.87796,0.67504,0.036006,0.79133,0.23199,0.28597,0.33464,0.31153,0.88004,0.62262,0.71754,0.78877,0.8536,0.12439,0.44558,0.20222,0.28517,0.81751,0.75837,0.33978,0.83153,0.97321,0.79924,0.5365,0.38141,0.72864,0.7726,0.52598,0.029651,0.026543,0.68789,0.14445,0.8263,0.25507,0.7285,0.55454,0.84144,0.88751,0.45944,0.39208,0.27419,0.75461,0.93152,0.71202,0.44675,0.47544,0.59718,0.75594,0.48174,0.75292,0.07841,0.86489,0.81823,0.12168,0.16444,0.57496,0.26698,0.74403,0.77061,0.13367,0.49571,0.54052,0.13541,0.83259,0.72615,0.072506,0.74096,0.77814,0.37907,0.43478,0.71141,0.081027,0.73595,0.8703,0.1529,0.78164,0.4953,0.77104,0.2098,0.33495,0.43572,0.56411,0.72725,0.64159,0.41914,0.426,0.011797,0.71021,0.74346,0.052523,0.27914,0.31173
0.79087,0.12286,0.81446,0.18299,0.99748,0.39733,0.51437,0.55976,0.75967,0.38544,0.8671,0.50954,0.75863,0.65729,0.93963,0.73159,0.59583,0.24522,0.2426,0.68945,0.56565,0.37168,0.85649,0.19561,0.26349,0.053936,0.83281,0.64722,0.42425,0.55914,0.5812,0.82772,0.89838,0.16962,0.85811,0.59134,0.56793,0.67743,0.98658,0.65016,0.084775,0.64311,0.030263,0.70983,0.9119,0.91191,0.53029,0.0060747,0.91012,0.31042,0.62054,0.04183,0.11753,0.63489,0.79008,0.3013,0.76349,0.42319,0.708,0.69267,0.3927,0.97582,0.58639,0.20546,0.64949,0.80409,0.28324,0.44608,0.70565,0.89648,0.042083,0.68982,0.46551,0.99285,0.46567,0.0086471,0.99804,0.94291,0.45244,0.1907,0.37135,0.97859,0.40701,0.19871,0.47678,0.26037,0.19056,0.13335,0.10955,0.013335,0.24798,0.59447,0.47456,0.65819,0.37505,0.96529,0.59549,0.12574,0.79749,0.20903
0.44037,0.40162,0.085596,0.098635,0.56098,0.31096,0.28513,0.86064,0.38944,0.58775,0.63392,0.18368,0.086467,0.81552,0.36037,0.74001,0.89738,0.097861,0.61905,0.12429,0.65484,0.7805,0.9711,0.88965,0.77916,0.19454,0.94624,0.62952,0.25918,0.068704,0.062235,0.69522,0.62682,0.23669,0.52713,0.2626,0.98357,0.72816,0.61268,0.53372,0.73208,0.15382,0.22915,0.74013,0.54516,0.28233,0.79484,0.6022,0.75324,0.68035,0.2485,0.64181,0.35956,0.89011,0.78271,0.67343,0.57515,0.27052,0.83287,0.0087355,0.79226,0.22227,0.072638,0.37015,0.98465,0.85671,0.48297,0.97505,0.53738,0.62317,0.80722,0.64178,0.97086,0.99605,0.30632,0.58186,0.27972,0.19138,0.098608,0.18918,0.38503,0.27326,0.065191,0.95647,0.33885,0.23378,0.29755,0.69493,0.24066,0.58796,0.31734,0.10312,0.16527,0.15053,0.60882,0.06182,0.0013494,0.59459,0.94541,0.35503
0.49885,0.81286,0.16035,0.30451,0.47133,0.3827,0.68842,0.53385,0.35918,0.62335,0.46664,0.54382,0.4452,0.78076,0.34679,0.87868,0.66349,0.50978,0.30601,0.11906,0.29344,0.23629,0.76111,0.60477,0.51912,0.18284,0.28791,0.79435,0.027436,0.88143,0.40494,0.66807,0.42362,0.88927,0.92287,0.47521,0.75259,0.26539,0.072285,0.066089,0.085717,0.24719,0.78112,0.41466,0.96543,0.68382,0.84259,0.48574,0.40179,0.44237,0.60223,0.33579,0.40406,0.29668,0.069066,0.095088,0.84096,0.61598,0.58117,0.46793,0.54007,0.65119,0.25527,0.76402,0.61714,0.12004,0.2121,0.18226,0.3187,0.53039,0.67185,0.87241,0.54683,0.96528,0.36762,0.49251,0.4401,0.58062,0.53077,0.52419,0.31281,0.56234,0.67402,0.7412,0.32539,0.65737,0.61501,0.62405,0.36154,0.40093,0.97645,0.98896,0.41071,0.063956,0.74397,0.39418,0.6278,0.15901,0.60331,0.52171
0.60155,0.98426,0.90483,0.82278,0.42946,0.28292,0.41092,0.51163,0.31453,0.99046,0.086075,0.64045,0.58677,0.4504,0.51626,0.78926,0.17924,0.65867,0.29804,0.31011,0.64104,0.19257,0.61571,0.70427,0.073121,0.036388,0.7843,0.69387,0.82473,0.3189,0.89584,0.61974,0.91501,0.71516,0.99401,0.47286,0.40784,0.23013,0.35161,0.17024,0.18549,0.7751,0.64345,0.23305,0.25334,0.74115,0.69885,0.17861,0.0363,0.6421,0.96115,0.33563,0.76787,0.0041939,0.82851,0.9771,0.9071,0.2015,0.82567,0.549,0.642,0.10984,0.22215,0.23899,0.0472,0.82478,0.82779,0.8863,0.026836,0.16481,0.89273,0.57689,0.92711,0.49076,0.63556,0.36999,0.58348,0.081417,0.38369,0.52672,0.11505,0.42334,0.62765,0.64078,0.82979,0.57214,0.31168,0.53858,0.23564,0.072857,0.63261,0.78778,0.55525,0.36582,0.50864,0.59811,0.26515,0.27205,0.95587,0.60634
0.72466,0.46317,0.99789,0.49717,0.58209,0.42853,0.10196,0.4167,0.40552,0.17583,0.60718,0.17474,0.68831,0.96425,0.682,0.84853,0.58546,0.23279,0.34048,0.087562,0.71875,0.46983,0.67897,0.38183,0.48837,0.048394,0.27929,0.9144,0.98252,0.032422,0.013033,0.075808,0.92005,0.097755,0.60411,0.16098,0.97725,0.64307,0.24662,0.60528,0.71037,0.075922,0.42773,0.30412,0.92734,0.93781,0.58531,0.75832,0.31345,0.49608,0.7071,0.27042,0.96024,0.46047,0.7915,0.61218,0.31803,0.1057,0.99958,0.98827,0.47624,0.17556,0.013884,0.48731,0.2052,0.022192,0.59389,0.93104,0.59978,0.28539,0.24699,0.13638,0.47469,0.79351,0.79715,0.46202,0.21364,0.46308,0.77017,0.81587,0.6594,0.15882,0.90673,0.69926,0.85866,0.019763,0.059941,0.43705,0.48861,0.50796,0.09848,0.56451,0.61643,0.47372,0.40777,0.84159,0.66297,0.94348,0.52049,0.35335
0.82426,0.13654,0.31832,0.13302,0.77831,0.91493,0.20514,0.071978,0.60148,0.98106,0.082449,0.58879,0.15295,0.08899,0.65367,0.14951,0.63211,0.36203,0.17235,0.59155,0.42462,0.03885,0.67889,0.29953,0.50542,0.049987,0.069678,0.12723,0.99066,0.57308,0.94536,0.60928,0.11999,0.80744,0.7956,0.0016238,0.82891,0.5429,0.26568,0.75032,0.041997,0.68293,0.13835,0.32854,0.46848,0.75236,0.23315,0.82918,0.69596,0.10191,0.32726,0.42015,0.10003,0.36853,0.22702,0.18938,0.29094,0.52762,0.31034,0.67712,0.53532,0.64279,0.68915,0.5624,0.68522,0.10708,0.93292,0.91019,0.64837,0.83202,0.89918,0.46042,0.60515,0.37671,0.26089,0.59043,0.51235,0.23325,0.34175,0.48327,0.9882,0.10378,0.14361,0.58132,0.34283,0.85448,0.55401,0.029281,0.70979,0.54471,0.55668,0.27071,0.022516,0.24661,0.9908,0.53812,0.35619,0.15571,0.83037,0.8906
0.84257,0.048989,0.48234,0.70791,0.93506,0.022322,0.31238,0.28554,0.44243,0.43905,0.23261,0.7977,0.14236,0.65397,0.76119,0.84182,0.38305,0.18917,0.075761,0.9231,0.59357,0.3044,0.44154,0.79366,0.019175,0.46892,0.61071,0.57812,0.3571,0.85353,0.8385,0.98848,0.087978,0.78608,0.77327,0.0242,0.56687,0.95217,0.76344,0.60949,0.3659,0.92255,0.88254,0.46232,0.63221,0.91181,0.22767,0.059448,0.6947,0.32527,0.30626,0.90986,0.7162,0.63356,0.94994,0.61784,0.080218,0.093051,0.035217,0.59419,0.85247,0.86643,0.44765,0.88295,0.087316,0.57508,0.75667,0.50687,0.91273,0.19013,0.65092,0.68381,0.85681,0.023712,0.8299,0.0070651,0.23255,0.12499,0.27181,0.21432,0.03456,0.23095,0.57595,0.98356,0.74232,0.06611,0.035211,0.42711,0.42221,0.82405,0.97235,0.67467,0.68706,0.46663,0.41187,0.95401,0.48965,0.72142,0.57884,0.061499
0.37108,0.90802,0.55926,0.94626,0.54025,0.21006,0.67114,0.726,0.36395,0.94355,0.088314,0.71134,0.44266,0.63082,0.62926,0.33847,0.21314,0.89716,0.29817,0.26962,0.18781,0.053806,0.90888,0.87235,0.38915,0.38428,0.79034,0.81708,0.86106,0.25824,0.45299,0.73015,0.81279,0.83452,0.76186,0.37423,0.031872,0.35269,0.23383,0.8937,0.042922,0.53243,0.60943,0.85029,0.10411,0.6316,0.347,0.25462,0.33468,0.12952,0.40481,0.99123,0.45986,0.71829,0.88357,0.21065,0.016352,0.0071941,0.36398,0.40197,0.31724,0.71011,0.53432,0.25499,0.4258,0.68563,0.42287,0.84468,0.67575,0.78686,0.78375,0.49329,0.66347,0.99467,0.20521,0.22933,0.35065,0.090848,0.42863,0.07504,0.51428,0.24326,0.91672,0.28249,0.16984,0.093119,0.57136,0.1954,0.45335,0.5206,0.71427,0.30812,0.5507,0.59389,0.93389,0.034541,0.57239,0.99497,0.90226,0.47831
0.57732,0.053659,0.62202,0.66151,0.51128,0.88205,0.63794,0.65014,0.83009,0.20378,0.26954,0.28476,0.075304,0.21333,0.87244,0.45651,0.43752,0.65655,0.96072,0.48458,0.95422,0.4237,0.44989,0.34081,0.84738,0.32712,0.47482,0.9248,0.27513,0.35162,0.89253,0.62243,0.004247,0.07769,0.089594,0.3616,0.17463,0.95362,0.67052,0.33173,0.7992,0.079642,0.078428,0.52269,0.93313,0.80855,0.47823,0.40046,0.20487,0.82408,0.71554,0.66293,0.31378,0.51089,0.94506,0.24648,0.22342,0.945,0.27129,0.26238,0.70764,0.24627,0.28336,0.72086,0.44796,0.55743,0.16277,0.58526,0.94421,0.7237,0.71599,0.95696,0.010217,0.69452,0.7121,0.72845,0.70548,0.61165,0.8809,0.4757,0.8798,0.3843,0.65375,0.1187,0.20258,0.52887,0.10308,0.17885,0.092741,0.072192,0.5164,0.27738,0.89679,0.6275,0.25779,0.1618,0.32238,0.79619,0.92049,0.66185
0.067664,0.15705,0.93454,0.92864,0.90312,0.45856,0.50718,0.90703,0.53545,0.6421,0.95375,0.49281,0.92501,0.4877,0.9775,0.27093,0.22516,0.19203,0.84395,0.32889,0.65605,0.33372,0.33571,0.80218,0.72886,0.3913,0.25878,0.55803,0.7774,0.48878,0.929,0.3749,0.40912,0.28131,0.82601,0.64786,0.038638,0.42956,0.52425,0.42848,0.12702,0.3994,0.41795,0.88248,0.81936,0.29255,0.73717,0.75443,0.45804,0.053516,0.78634,0.94479,0.93672,0.2226,0.86592,0.15507,0.12979,0.20861,0.83582,0.12249,0.53488,0.27749,0.45055,0.96192,0.57009,0.68313,0.85078,0.29712,0.25167,0.13727,0.6658,0.949,0.24635,0.90984,0.096308,0.82597,0.84067,0.96676,0.21173,0.30415,0.14299,0.37315,0.22233,0.57375,0.58346,0.19599,0.81203,0.045771,0.066042,0.15999,0.99648,0.36748,0.47332,0.84569,0.51314,0.86876,0.37021,0.033908,0.9856,0.83669
0.87214,0.99094,0.2965,0.19516,0.59761,0.24977,0.35866,0.8697,0.27266,0.073257,0.7502,0.52842,0.78693,0.16667,0.048727,0.39031,0.71732,0.53216,0.4028,0.16058,0.64713,0.054034,0.35399,0.6561,0.53439,0.14506,0.51429,0.40138,0.74122,0.15061,0.22101,0.63,0.53394,0.94208,0.65557,0.44402,0.62578,0.3443,0.75089,0.69881,0.56838,0.85248,0.17607,0.012418,0.9728,0.24778,0.99467,0.99198,0.12393,0.25428,0.56309,0.26119,0.29882,0.11742,0.21329,0.69827,0.1666,0.90568,0.12629,0.33161,0.089085,0.76254,0.5342,0.74855,0.33627,0.74197,0.32631,0.98753,0.97459,0.16379,0.43349,0.10682,0.3635,0.78329,0.023064,0.23316,0.43802,0.67882,0.73586,0.078248,0.69721,0.4471,0.95825,0.78479,0.10315,0.04071,0.7734,0.78353,0.093631,0.39509,0.29005,0.29782,0.087172,0.14534,0.060316,0.048517,0.79597,0.3411,0.43027,0.27862
0.39515,0.97068,0.08926,0.73491,0.10354,0.92684,0.78897,0.70533,0.23545,0.37443,0.20741,0.81634,0.2855,0.12345,0.43403,0.65545,0.69534,0.4181,0.75079,0.30265,0.78311,0.089795,0.39573,0.50676,0.015491,0.11268,0.64964,0.90262,0.12108,0.19913,0.81794,0.001056,0.6039,0.38094,0.6513,0.26525,0.063664,0.24071,0.36032,0.70417,0.78626,0.21954,0.4268,0.61876,0.65646,0.42535,0.46238,0.34269,0.47146,0.65633,0.85119,0.39809,0.40297,0.11663,0.11142,0.19129,0.90731,0.25784,0.46956,0.8448,0.83819,0.018752,0.83888,0.17589,0.7532,0.95293,0.16075,0.11966,0.52,0.72617,0.77634,0.73733,0.80084,0.78009,0.11516,0.43712,0.46693,0.29988,0.73458,0.84695,0.06342,0.011333,0.61857,0.96573,0.38784,0.72466,0.12558,0.78505,0.89596,0.56577,0.25486,0.13536,0.14319,0.3981,0.86386,0.095405,0.55323,0.16987,0.31057,0.74926
0.78841,0.024621,0.93265,0.16075,0.14253,0.11489,0.035847,0.90106,0.49942,0.93235,0.792,0.65567,0.82695,0.082123,0.35507,0.62209,0.70052,0.5164,0.82404,0.037195,0.78562,0.992,0.41795,0.47852,0.3475,0.05448,0.22057,0.46818,0.11036,0.80533,0.73753,0.28043,0.97813,0.97408,0.078472,0.74797,0.017761,0.23944,0.9652,0.67791,0.42279,0.68396,0.66133,0.94773,0.64164,0.46142,0.12137,0.031941,0.62163,0.78493,0.73428,0.025906,0.44215,0.080056,0.015919,0.97093,0.96124,0.71683,0.63145,0.24831,0.8363,0.83266,0.17638,0.69298,0.51663,0.2218,0.9862,0.52593,0.73443,0.20426,0.51473,0.50753,0.68933,0.83116,0.76512,0.72188,0.66756,0.78816,0.68186,0.33552,0.064698,0.44037,0.90398,0.6633,0.75289,0.13859,0.33873,0.27267,0.25721,0.98686,0.64753,0.0097488,0.26717,0.57943,0.00082807,0.2785,0.51128,0.73102,0.97401,0.014867
0.82907,0.85971,0.99476,0.7614,0.36588,0.9843,0.13303,0.77425,0.387,0.86387,0.55968,0.068624,0.76349,0.64079,0.62959,0.5008,0.23369,0.25353,0.47263,0.46745,0.73378,0.79519,0.58251,0.84833,0.40965,0.02032,0.68294,0.8579,0.55056,0.65882,0.25374,0.11813,0.109,0.2054,0.9619,0.94548,0.4892,0.73343,0.1122,0.21479,0.64626,0.3394,0.95034,0.95589,0.74837,0.040236,0.24917,0.92108,0.96396,0.62251,0.89228,0.28802,0.56032,0.55547,0.73977,0.78008,0.42806,0.2556,0.89705,0.5891,0.79493,0.83175,0.93142,0.41335,0.97098,0.20603,0.68458,0.037182,0.76593,0.49343,0.26745,0.095023,0.077927,0.53412,0.34229,0.34187,0.65636,0.081565,0.96556,0.53269,0.65097,0.11493,0.93124,0.4028,0.76946,0.77563,0.80717,0.93956,0.31561,0.94074,0.57319,0.45073,0.34647,0.76405,0.99287,0.6722,0.88888,0.14385,0.028019,0.40402
0.73571,0.059115,0.89793,0.67659,0.40509,0.42617,0.40934,0.0759,0.87088,0.24557,0.16991,0.77486,0.14969,0.10649,0.65875,0.83845,0.99847,0.93628,0.50942,0.59794,0.68248,0.11835,0.016638,0.50957,0.11226,0.94989,0.27748,0.97889,0.46727,0.46795,0.029988,0.9262,0.53655,0.76558,0.15728,0.62577,0.67146,0.40624,0.031956,0.49648,0.0025109,0.17488,0.27057,0.62049,0.6078,0.59611,0.74365,0.065355,0.36345,0.38614,0.35919,0.52169,0.87528,0.37361,0.41642,0.27501,0.073438,0.8993,0.70084,0.38067,0.33529,0.69046,0.83516,0.75528,0.033066,0.70615,0.64889,0.2599,0.3974,0.89396,0.78312,0.40142,0.08813,0.79124,0.7094,0.27544,0.33603,0.73538,0.78497,0.21248,0.999,0.9986,0.80235,0.023962,0.18667,0.251,0.25944,0.78533,0.28435,0.11669,0.0099487,0.16205,0.17324,0.40406,0.14526,0.88946,0.4836,0.82386,0.74997,0.48741
0.32451,0.46848,0.95502,0.98576,0.74364,0.14679,0.70163,0.8717,0.82803,0.88539,0.073839,0.008876,0.41771,0.91929,0.83657,0.9879,0.91868,0.18289,0.3067,0.91336,0.070814,0.56059,0.82634,0.9728,0.50503,0.19671,0.64656,0.42852,0.11182,0.65683,0.89463,0.67676,0.6679,0.20688,0.49415,0.025538,0.99535,0.41072,0.93409,0.88065,0.26145,0.070757,0.44987,0.34399,0.60901,0.46753,0.6462,0.98954,0.85629,0.53953,0.43271,0.7732,0.79455,0.42107,0.78323,0.96477,0.55735,0.87275,0.21721,0.31087,0.93283,0.47058,0.81683,0.85121,0.91932,0.96014,0.47012,0.93392,0.58475,0.75137,0.25208,0.41342,0.6518,0.99969,0.89775,0.34157,0.18846,0.71944,0.22597,0.15363,0.66699,0.77241,0.024964,0.18017,0.42868,0.061623,0.44443,0.29027,0.24683,0.73581,0.69255,0.15001,0.67452,0.74495,0.10095,0.47073,0.86089,0.2021,0.087595,0.7945
0.31786,0.82781,0.47338,0.16348,0.67836,0.085399,0.76325,0.58971,0.087015,0.83808,0.14547,0.36389,0.33869,0.12335,0.12194,0.58727,0.51445,0.60315,0.65728,0.74708,0.097359,0.26395,0.82101,0.21875,0.81416,0.32013,0.99956,0.73284,0.91514,0.038971,0.56102,0.9545,0.56427,0.87538,0.46516,0.16706,0.19912,0.37388,0.21309,0.64674,0.80102,0.86579,0.57609,0.70281,0.84437,0.42453,0.34946,0.70359,0.32852,0.20038,0.39084,0.54467,0.75597,0.21104,0.71617,0.38173,0.081814,0.7756,0.15763,0.68901,0.029307,0.95178,0.15298,0.71718,0.72742,0.48468,0.24474,0.22047,0.76279,0.14741,0.53876,0.5271,0.028931,0.18193,0.13952,0.533,0.69428,0.41957,0.99693,0.62319,0.25866,0.33611,0.71653,0.55539,0.46423,0.34967,0.93013,0.79021,0.77761,0.74704,0.94023,0.059188,0.52333,0.90397,0.54779,0.62335,0.65875,0.38435,0.70874,0.23122
0.39481,0.75832,0.83588,0.95752,0.40971,0.67672,0.53317,0.1542,0.76626,0.88649,0.62946,0.55265,0.19069,0.6066,0.94954,0.2673,0.96148,0.28852,0.2689,0.036646,0.52974,0.1208,0.87835,0.85932,0.97725,0.94656,0.53508,0.5564,0.99429,0.1445,0.97703,0.28602,0.72639,0.48602,0.59817,0.90036,0.17529,0.51321,0.47282,0.44072,0.9291,0.62065,0.54378,0.18289,0.16504,0.2866,0.076928,0.3129,0.22995,0.76468,0.9812,0.72778,0.8182,0.385,0.66893,0.97955,0.64428,0.53082,0.59499,0.030633,0.020937,0.4666,0.90791,0.80633,0.44746,0.34033,0.98924,0.91031,0.94508,0.65168,0.060498,0.54772,0.44209,0.5011,0.027084,0.042496,0.97521,0.079998,0.97422,0.45824,0.47781,0.97185,0.2243,0.71784,0.67391,0.92672,0.49158,0.4443,0.016828,0.45597,0.95152,0.69741,0.77238,0.33566,0.86601,0.6282,0.033049,0.98799,0.37683,0.035654
